Viloyat,Tuman,Kvartal,Dom raqami,Lat,Lon
Toshkent shahri,Yangihayot tumani,8-hudud,1,41.21648,69.196472
Toshkent shahri,Yangihayot tumani,8-hudud,2,41.216779,69.196732
Toshkent shahri,Yangihayot tumani,8-hudud,3,41.21667,69.19728
Toshkent shahri,Yangihayot tumani,8-hudud,4,41.216466,69.19772
Toshkent shahri,Yangihayot tumani,8-hudud,5,41.216073,69.197918
Toshkent shahri,Yangihayot tumani,8-hudud,6,41.215951,69.198816
Toshkent shahri,Yangihayot tumani,8-hudud,7,41.21646,69.198843
Toshkent shahri,Yangihayot tumani,8-hudud,8,41.216731,69.199059
Toshkent shahri,Yangihayot tumani,8-hudud,9,41.216806,69.199715
Toshkent shahri,Yangihayot tumani,8-hudud,10,41.216331,69.199715
Toshkent shahri,Yangihayot tumani,8-hudud,11,41.216019,69.199454
Toshkent shahri,Yangihayot tumani,8-hudud,12,41.215544,69.199068
Toshkent shahri,Yangihayot tumani,8-hudud,13,41.215537,69.198116
Toshkent shahri,Yangihayot tumani,8-hudud,14,41.215347,69.198538
Toshkent shahri,Yangihayot tumani,8-hudud,16,41.216127,69.196876
Toshkent shahri,Yangihayot tumani,8-hudud,17,41.214744,69.198412
Toshkent shahri,Yangihayot tumani,8-hudud,18,41.214445,69.198161
Toshkent shahri,Yangihayot tumani,8-hudud,19,41.215924,69.196211
Toshkent shahri,Yangihayot tumani,8-hudud,20,41.215605,69.19596
Toshkent shahri,Yangihayot tumani,8-hudud,21,41.215286,69.19569
Toshkent shahri,Yangihayot tumani,8-hudud,22,41.213997,69.197433
Toshkent shahri,Yangihayot tumani,8-hudud,23,41.214194,69.197029
Toshkent shahri,Yangihayot tumani,8-hudud,24,41.214608,69.196184
Toshkent shahri,Yangihayot tumani,8-hudud,25,41.214791,69.195762
Toshkent shahri,Yangihayot tumani,8-hudud,26,41.214906,69.195178
Toshkent shahri,Yangihayot tumani,8-hudud,27,41.214601,69.194927
Toshkent shahri,Yangihayot tumani,8-hudud,28,41.214248,69.195322
Toshkent shahri,Yangihayot tumani,8-hudud,29,41.214045,69.195753
Toshkent shahri,Yangihayot tumani,8-hudud,30,41.214106,69.196319
Toshkent shahri,Yangihayot tumani,8-hudud,31,41.213672,69.196571
Toshkent shahri,Yangihayot tumani,8-hudud,32,41.213461,69.197011
Toshkent shahri,Yangihayot tumani,8-hudud,33,41.213604,69.197478
Toshkent shahri,Yangihayot tumani,8-hudud,34,41.21298,69.196993
Toshkent shahri,Yangihayot tumani,8-hudud,35,41.213244,69.196391
Toshkent shahri,Yangihayot tumani,8-hudud,36,41.213509,69.195834
Toshkent shahri,Yangihayot tumani,8-hudud,37,41.213787,69.195286
Toshkent shahri,Yangihayot tumani,8-hudud,38,41.214065,69.194702
Toshkent shahri,Yangihayot tumani,8-hudud,39,41.213767,69.194469
Toshkent shahri,Yangihayot tumani,8-hudud,41,41.212417,69.1934
Toshkent shahri,Yangihayot tumani,8-hudud,42,41.212125,69.193947
Toshkent shahri,Yangihayot tumani,8-hudud,43,41.211874,69.194495
Toshkent shahri,Yangihayot tumani,8-hudud,44,41.211596,69.19507
Toshkent shahri,Yangihayot tumani,8-hudud,45,41.211338,69.195645
Toshkent shahri,Yangihayot tumani,8-hudud,46,41.211121,69.19507
Toshkent shahri,Yangihayot tumani,8-hudud,47,41.211325,69.194648
Toshkent shahri,Yangihayot tumani,8-hudud,48,41.211705,69.193822
Toshkent shahri,Yangihayot tumani,8-hudud,49,41.211881,69.193444
Toshkent shahri,Yangihayot tumani,8-hudud,52,41.211365,69.192977
Toshkent shahri,Yangihayot tumani,8-hudud,53,41.211175,69.193391
Toshkent shahri,Yangihayot tumani,8-hudud,54,41.211311,69.194046
Toshkent shahri,Yangihayot tumani,8-hudud,55,41.210782,69.194217
Toshkent shahri,Yangihayot tumani,8-hudud,56,41.210592,69.19643
Toshkent shahri,Yangihayot tumani,8-hudud,57,41.210741,69.195142
Toshkent shahri,Yangihayot tumani,8-hudud,58,41.209907,69.194477
Toshkent shahri,Yangihayot tumani,8-hudud,59,41.209588,69.194217
Toshkent shahri,Yangihayot tumani,8-hudud,60,41.211169,69.192366
Toshkent shahri,Yangihayot tumani,8-hudud,61,41.210931,69.192151
Toshkent shahri,Yangihayot tumani,8-hudud,62,41.210612,69.19189
Toshkent shahri,Yangihayot tumani,8-hudud,63,41.209832,69.191073
Toshkent shahri,Yangihayot tumani,8-hudud,64,41.210131,69.191315
Toshkent shahri,Yangihayot tumani,8-hudud,65,41.210043,69.191881
Toshkent shahri,Yangihayot tumani,8-hudud,66,41.209839,69.192304
Toshkent shahri,Yangihayot tumani,8-hudud,67,41.209459,69.192348
Toshkent shahri,Yangihayot tumani,8-hudud,68,41.209208,69.192878
Toshkent shahri,Yangihayot tumani,8-hudud,69,41.209323,69.1934
Toshkent shahri,Yangihayot tumani,8-hudud,70,41.209018,69.193732
Toshkent shahri,Yangihayot tumani,8-hudud,71,41.208693,69.193462
Toshkent shahri,Yangihayot tumani,8-hudud,72,41.208801,69.192932
Toshkent shahri,Yangihayot tumani,8-hudud,73,41.209303,69.191863
Toshkent shahri,Yangihayot tumani,8-hudud,74,41.2095,69.19145
Toshkent shahri,Yangihayot tumani,8-hudud,75,41.209344,69.190678
Toshkent shahri,Yangihayot tumani,8-hudud,76,41.208821,69.19057
Toshkent shahri,Yangihayot tumani,8-hudud,77,41.208509,69.190857
Toshkent shahri,Yangihayot tumani,8-hudud,78,41.209072,69.191262
Toshkent shahri,Yangihayot tumani,8-hudud,79,41.208496,69.191558
Toshkent shahri,Yangihayot tumani,8-hudud,80,41.208808,69.191809
Toshkent shahri,Yangihayot tumani,8-hudud,81,41.20857,69.19234
Toshkent shahri,Yangihayot tumani,8-hudud,82,41.208224,69.193076
Toshkent shahri,Yangihayot tumani,8-hudud,83,41.207729,69.19269
Toshkent shahri,Yangihayot tumani,8-hudud,84,41.207729,69.19269
Toshkent shahri,Yangihayot tumani,8-hudud,85,41.208089,69.192331
Toshkent shahri,Yangihayot tumani,8-hudud,86,41.207865,69.191801
Toshkent shahri,Yangihayot tumani,9-hudud,1,41.215239,69.200379
Toshkent shahri,Yangihayot tumani,9-hudud,1A,41.206203,69.193004
Toshkent shahri,Yangihayot tumani,9-hudud,2,41.214906,69.200631
Toshkent shahri,Yangihayot tumani,9-hudud,2A,41.206203,69.193004
Toshkent shahri,Yangihayot tumani,9-hudud,3,41.214459,69.200936
Toshkent shahri,Yangihayot tumani,9-hudud,3A,41.206522,69.193669
Toshkent shahri,Yangihayot tumani,9-hudud,4,41.214126,69.201161
Toshkent shahri,Yangihayot tumani,9-hudud,5,41.213027,69.201907
Toshkent shahri,Yangihayot tumani,9-hudud,5A,41.206874,69.192843
Toshkent shahri,Yangihayot tumani,9-hudud,6,41.212688,69.202149
Toshkent shahri,Yangihayot tumani,9-hudud,6A,41.206874,69.192843
Toshkent shahri,Yangihayot tumani,9-hudud,7,41.21224,69.20249
Toshkent shahri,Yangihayot tumani,9-hudud,8,41.211867,69.202742
Toshkent shahri,Yangihayot tumani,9-hudud,9,41.211657,69.202239
Toshkent shahri,Yangihayot tumani,9-hudud,10,41.211487,69.201826
Toshkent shahri,Yangihayot tumani,9-hudud,11,41.212166,69.201889
Toshkent shahri,Yangihayot tumani,9-hudud,12,41.211996,69.201484
Toshkent shahri,Yangihayot tumani,9-hudud,,,
Toshkent shahri,Yangihayot tumani,9-hudud,13,41.212335,69.201044
Toshkent shahri,Yangihayot tumani,9-hudud,14,41.212966,69.20135
Toshkent shahri,Yangihayot tumani,9-hudud,16,41.213177,69.20046
Toshkent shahri,Yangihayot tumani,9-hudud,17,41.213821,69.200739
Toshkent shahri,Yangihayot tumani,9-hudud,18,41.213645,69.200308
Toshkent shahri,Yangihayot tumani,9-hudud,19,41.214025,69.199894
Toshkent shahri,Yangihayot tumani,9-hudud,20,41.214635,69.2002
Toshkent shahri,Yangihayot tumani,9-hudud,21,41.214465,69.19976
Toshkent shahri,Yangihayot tumani,9-hudud,22,41.215313,69.199697
Toshkent shahri,Yangihayot tumani,9-hudud,23,41.215022,69.199445
Toshkent shahri,Yangihayot tumani,9-hudud,24,41.21454,69.199041
Toshkent shahri,Yangihayot tumani,9-hudud,25,41.214242,69.198798
Toshkent shahri,Yangihayot tumani,9-hudud,26,41.213665,69.199427
Toshkent shahri,Yangihayot tumani,9-hudud,27,41.213489,69.198996
Toshkent shahri,Yangihayot tumani,9-hudud,28,41.212458,69.200343
Toshkent shahri,Yangihayot tumani,9-hudud,29,41.212274,69.199885
Toshkent shahri,Yangihayot tumani,9-hudud,30,41.211752,69.200802
Toshkent shahri,Yangihayot tumani,9-hudud,31,41.211582,69.200397
Toshkent shahri,Yangihayot tumani,9-hudud,32,41.211216,69.201224
Toshkent shahri,Yangihayot tumani,9-hudud,33,41.21104,69.200757
Toshkent shahri,Yangihayot tumani,9-hudud,34,41.210531,69.200083
Toshkent shahri,Yangihayot tumani,9-hudud,35,41.210348,69.199643
Toshkent shahri,Yangihayot tumani,9-hudud,36,41.209764,69.198718
Toshkent shahri,Yangihayot tumani,9-hudud,37,41.209934,69.199167
Toshkent shahri,Yangihayot tumani,9-hudud,38,41.21336,69.198349
Toshkent shahri,Yangihayot tumani,9-hudud,39,41.212824,69.197927
Toshkent shahri,Yangihayot tumani,9-hudud,41,41.212424,69.198843
Toshkent shahri,Yangihayot tumani,9-hudud,42,41.212071,69.198448
Toshkent shahri,Yangihayot tumani,9-hudud,43,41.212071,69.197846
Toshkent shahri,Yangihayot tumani,9-hudud,44,41.212417,69.197595
Toshkent shahri,Yangihayot tumani,9-hudud,45,41.211657,69.197442
Toshkent shahri,Yangihayot tumani,9-hudud,46,41.211569,69.196831
Toshkent shahri,Yangihayot tumani,9-hudud,47,41.211114,69.196975
Toshkent shahri,Yangihayot tumani,9-hudud,48,41.210945,69.196562
Toshkent shahri,Yangihayot tumani,9-hudud,49,41.210572,69.196139
Toshkent shahri,Yangihayot tumani,9-hudud,52,41.20914,69.197128
Toshkent shahri,Yangihayot tumani,9-hudud,53,41.208638,69.197137
Toshkent shahri,Yangihayot tumani,9-hudud,54,41.208469,69.196687
Toshkent shahri,Yangihayot tumani,9-hudud,55,41.209893,69.196292
Toshkent shahri,Yangihayot tumani,9-hudud,56,41.209568,69.196526
Toshkent shahri,Yangihayot tumani,9-hudud,57,41.210232,69.195681
Toshkent shahri,Yangihayot tumani,9-hudud,58,41.209764,69.195385
Toshkent shahri,Yangihayot tumani,9-hudud,59,41.209446,69.1956
Toshkent shahri,Yangihayot tumani,9-hudud,60,41.209011,69.195906
Toshkent shahri,Yangihayot tumani,9-hudud,61,41.208693,69.196139
Toshkent shahri,Yangihayot tumani,9-hudud,62,41.20796,69.19605
Toshkent shahri,Yangihayot tumani,9-hudud,63,41.20779,69.195627
Toshkent shahri,Yangihayot tumani,9-hudud,64,41.208591,69.195555
Toshkent shahri,Yangihayot tumani,9-hudud,65,41.208489,69.194927
Toshkent shahri,Yangihayot tumani,9-hudud,66,41.208177,69.195151
Toshkent shahri,Yangihayot tumani,9-hudud,67,41.209201,69.195142
Toshkent shahri,Yangihayot tumani,9-hudud,68,41.209066,69.194711
Toshkent shahri,Yangihayot tumani,9-hudud,70,41.208279,69.194406
Toshkent shahri,Yangihayot tumani,9-hudud,71,41.207661,69.194118
Toshkent shahri,Yangihayot tumani,9-hudud,72,41.207329,69.195088
Toshkent shahri,Yangihayot tumani,9-hudud,73,41.207173,69.194657
Toshkent shahri,Yangihayot tumani,10-hudud,1,41.204188,69.194927
Toshkent shahri,Yangihayot tumani,10-hudud,2,41.20469,69.194675
Toshkent shahri,Yangihayot tumani,10-hudud,3,41.205002,69.195439
Toshkent shahri,Yangihayot tumani,10-hudud,4,41.204452,69.1956
Toshkent shahri,Yangihayot tumani,10-hudud,5,41.205328,69.196202
Toshkent shahri,Yangihayot tumani,10-hudud,6,41.204785,69.196355
Toshkent shahri,Yangihayot tumani,10-hudud,7,41.205646,69.196957
Toshkent shahri,Yangihayot tumani,10-hudud,8,41.205097,69.197101
Toshkent shahri,Yangihayot tumani,10-hudud,9,41.205782,69.197667
Toshkent shahri,Yangihayot tumani,10-hudud,10,41.20604,69.197846
Toshkent shahri,Yangihayot tumani,10-hudud,11,41.205294,69.198098
Toshkent shahri,Yangihayot tumani,10-hudud,12,41.205579,69.198268
Toshkent shahri,Yangihayot tumani,Sputnik-1,1,41.201053,69.211662
Toshkent shahri,Yangihayot tumani,Sputnik-1,2,41.201474,69.212713
Toshkent shahri,Yangihayot tumani,Sputnik-1,3,41.201657,69.213135
Toshkent shahri,Yangihayot tumani,Sputnik-1,4,41.2018,69.213486
Toshkent shahri,Yangihayot tumani,Sputnik-1,5,41.201949,69.213836
Toshkent shahri,Yangihayot tumani,Sputnik-1,6,41.202091,69.214204
Toshkent shahri,Yangihayot tumani,Sputnik-1,7,41.202268,69.214618
Toshkent shahri,Yangihayot tumani,Sputnik-1,8,41.202682,69.215624
Toshkent shahri,Yangihayot tumani,Sputnik-1,9,41.201142,69.212264
Toshkent shahri,Yangihayot tumani,Sputnik-1,10,41.202356,69.21522
Toshkent shahri,Yangihayot tumani,Sputnik-1,11,41.200836,69.211806
Toshkent shahri,Yangihayot tumani,Sputnik-1,12,41.201264,69.212857
Toshkent shahri,Yangihayot tumani,Sputnik-1,13,41.201583,69.21363
Toshkent shahri,Yangihayot tumani,Sputnik-1,14,41.201732,69.214007
Toshkent shahri,Yangihayot tumani,Sputnik-1,15,41.202051,69.21477
Toshkent shahri,Yangihayot tumani,Sputnik-1,16,41.202471,69.215795
Toshkent shahri,Yangihayot tumani,Sputnik-1,17,41.200911,69.212444
Toshkent shahri,Yangihayot tumani,Sputnik-1,18,41.202132,69.21539
Toshkent shahri,Yangihayot tumani,Sputnik-1,19,41.200612,69.211968
Toshkent shahri,Yangihayot tumani,Sputnik-1,20,41.20104,69.213019
Toshkent shahri,Yangihayot tumani,Sputnik-1,21,41.201359,69.213791
Toshkent shahri,Yangihayot tumani,Sputnik-1,22,41.201508,69.214169
Toshkent shahri,Yangihayot tumani,Sputnik-1,23,41.201827,69.214932
Toshkent shahri,Yangihayot tumani,Sputnik-1,24,41.202254,69.215974
Toshkent shahri,Yangihayot tumani,Sputnik-1,25,41.200388,69.212129
Toshkent shahri,Yangihayot tumani,Sputnik-1,26,41.200816,69.213189
Toshkent shahri,Yangihayot tumani,Sputnik-1,27,41.200999,69.21363
Toshkent shahri,Yangihayot tumani,Sputnik-1,28,41.201135,69.213953
Toshkent shahri,Yangihayot tumani,Sputnik-1,29,41.201291,69.21433
Toshkent shahri,Yangihayot tumani,Sputnik-1,30,41.201427,69.214663
Toshkent shahri,Yangihayot tumani,Sputnik-1,31,41.20161,69.215094
Toshkent shahri,Yangihayot tumani,Sputnik-1,32,41.202037,69.216136
Toshkent shahri,Yangihayot tumani,Sputnik-1,33,41.200165,69.212291
Toshkent shahri,Yangihayot tumani,Sputnik-1,33B,41.199947,69.212614
Toshkent shahri,Yangihayot tumani,Sputnik-1,34,41.2003,69.212641
Toshkent shahri,Yangihayot tumani,Sputnik-1,35,41.20045,69.213001
Toshkent shahri,Yangihayot tumani,Sputnik-1,36,41.200592,69.213351
Toshkent shahri,Yangihayot tumani,Sputnik-1,37,41.200762,69.213773
Toshkent shahri,Yangihayot tumani,Sputnik-1,38,41.201209,69.214824
Toshkent shahri,Yangihayot tumani,Sputnik-1,39,41.201386,69.215256
Toshkent shahri,Yangihayot tumani,Sputnik-1,40,41.201522,69.215597
Toshkent shahri,Yangihayot tumani,Sputnik-1,41,41.201671,69.215956
Toshkent shahri,Yangihayot tumani,Sputnik-1,42,41.201813,69.216307
Toshkent shahri,Yangihayot tumani,Sputnik-1,43,41.200375,69.213657
Toshkent shahri,Yangihayot tumani,Sputnik-1,44,41.201067,69.215345
Toshkent shahri,Yangihayot tumani,Sputnik-1,45,41.19969,69.212731
Toshkent shahri,Yangihayot tumani,Sputnik-1,46,41.19992,69.21327
Toshkent shahri,Yangihayot tumani,Sputnik-1,47,41.200144,69.213836
Toshkent shahri,Yangihayot tumani,Sputnik-1,48,41.200388,69.214402
Toshkent shahri,Yangihayot tumani,Sputnik-1,49,41.200606,69.214932
Toshkent shahri,Yangihayot tumani,Sputnik-1,50,41.200843,69.215498
Toshkent shahri,Yangihayot tumani,Sputnik-1,51,41.201067,69.216037
Toshkent shahri,Yangihayot tumani,Sputnik-1,52,41.201284,69.216576
Toshkent shahri,Yangihayot tumani,Sputnik-1,53,41.199466,69.212884
Toshkent shahri,Yangihayot tumani,Sputnik-1,54,41.19992,69.213989
Toshkent shahri,Yangihayot tumani,Sputnik-1,55,41.200165,69.214573
Toshkent shahri,Yangihayot tumani,Sputnik-1,56,41.200382,69.215094
Toshkent shahri,Yangihayot tumani,Sputnik-1,57,41.200606,69.215651
Toshkent shahri,Yangihayot tumani,Sputnik-1,58,41.201067,69.216756
Toshkent shahri,Yangihayot tumani,Sputnik-1,58A-58B,41.200809,69.21619
Toshkent shahri,Yangihayot tumani,Sputnik-1,59,41.199242,69.213046
Toshkent shahri,Yangihayot tumani,Sputnik-1,60,41.199486,69.213522
Toshkent shahri,Yangihayot tumani,Sputnik-1,61,41.200388,69.215821
Toshkent shahri,Yangihayot tumani,Sputnik-1,62,41.200829,69.216926
Toshkent shahri,Yangihayot tumani,Sputnik-1,63,41.199025,69.213207
Toshkent shahri,Yangihayot tumani,Sputnik-1,64,41.199466,69.214312
Toshkent shahri,Yangihayot tumani,Sputnik-1,65,41.199696,69.214896
Toshkent shahri,Yangihayot tumani,Sputnik-1,66,41.199934,69.215426
Toshkent shahri,Yangihayot tumani,Sputnik-1,67,41.200171,69.215983
Toshkent shahri,Yangihayot tumani,Sputnik-1,68,41.200606,69.217088
Toshkent shahri,Yangihayot tumani,Sputnik-1,69,41.199289,69.21371
Toshkent shahri,Yangihayot tumani,Sputnik-1,70,41.200483,69.216666
Toshkent shahri,Yangihayot tumani,Sputnik-2,Kamol Cons.,41.20429,69.219585
Toshkent shahri,Yangihayot tumani,Sputnik-2,1,41.203808,69.218391
Toshkent shahri,Yangihayot tumani,Sputnik-2,1A,41.203889,69.21901
Toshkent shahri,Yangihayot tumani,Sputnik-2,4,41.204568,69.220178
Toshkent shahri,Yangihayot tumani,Sputnik-2,6,41.204853,69.220906
Toshkent shahri,Yangihayot tumani,Sputnik-2,7,41.205036,69.221346
Toshkent shahri,Yangihayot tumani,Sputnik-2,8,41.205457,69.222379
Toshkent shahri,Yangihayot tumani,Sputnik-2,9,41.20391,69.218975
Toshkent shahri,Yangihayot tumani,Sputnik-2,10,41.205117,69.221939
Toshkent shahri,Yangihayot tumani,Sputnik-2,11,41.203611,69.218516
Toshkent shahri,Yangihayot tumani,Sputnik-2,12,41.204025,69.219576
Toshkent shahri,Yangihayot tumani,Sputnik-2,13,41.204351,69.22034
Toshkent shahri,Yangihayot tumani,Sputnik-2,15,41.204812,69.22149
Toshkent shahri,Yangihayot tumani,Sputnik-2,16,41.205239,69.22255
Toshkent shahri,Yangihayot tumani,Sputnik-2,17,41.203679,69.219145
Toshkent shahri,Yangihayot tumani,Sputnik-2,18,41.204893,69.22211
Toshkent shahri,Yangihayot tumani,Sputnik-2,19,41.203374,69.218687
Toshkent shahri,Yangihayot tumani,Sputnik-2,20,41.203801,69.219747
Toshkent shahri,Yangihayot tumani,Sputnik-2,23,41.204588,69.221652
Toshkent shahri,Yangihayot tumani,Sputnik-2,24,41.205022,69.222703
Toshkent shahri,Yangihayot tumani,Sputnik-2,25,41.203157,69.218831
Toshkent shahri,Yangihayot tumani,Sputnik-2,26,41.203577,69.219891
Toshkent shahri,Yangihayot tumani,Sputnik-2,27,41.20376,69.220331
Toshkent shahri,Yangihayot tumani,Sputnik-2,30,41.204188,69.221373
Toshkent shahri,Yangihayot tumani,Sputnik-2,31,41.204371,69.221813
Toshkent shahri,Yangihayot tumani,Sputnik-2,32,41.204798,69.222873
Toshkent shahri,Yangihayot tumani,Sputnik-2,33,41.202933,69.219001
Toshkent shahri,Yangihayot tumani,Sputnik-2,34,41.203068,69.219334
Toshkent shahri,Yangihayot tumani,Sputnik-2,35,41.203224,69.219702
Toshkent shahri,Yangihayot tumani,Sputnik-2,36,41.20336,69.220053
Toshkent shahri,Yangihayot tumani,Sputnik-2,37,41.203543,69.220484
Toshkent shahri,Yangihayot tumani,Sputnik-2,39,41.204154,69.221966
Toshkent shahri,Yangihayot tumani,Sputnik-2,40,41.204283,69.222325
Toshkent shahri,Yangihayot tumani,Sputnik-2,41,41.204439,69.222676
Toshkent shahri,Yangihayot tumani,Sputnik-2,42,41.204575,69.223026
Toshkent shahri,Yangihayot tumani,Sputnik-2,43,41.203136,69.220358
Toshkent shahri,Yangihayot tumani,Sputnik-2,44,41.203842,69.222047
Toshkent shahri,Yangihayot tumani,Sputnik-2,45,41.202471,69.219433
Toshkent shahri,Yangihayot tumani,Sputnik-2,46,41.202695,69.219999
Toshkent shahri,Yangihayot tumani,Sputnik-2,47,41.202912,69.220529
Toshkent shahri,Yangihayot tumani,Sputnik-2,48,41.20315,69.221095
Toshkent shahri,Yangihayot tumani,Sputnik-2,49,41.203374,69.221643
Toshkent shahri,Yangihayot tumani,Sputnik-2,50,41.203604,69.222208
Toshkent shahri,Yangihayot tumani,Sputnik-2,51,41.203835,69.222747
Toshkent shahri,Yangihayot tumani,Sputnik-2,51-4,41.20395,69.222433
Toshkent shahri,Yangihayot tumani,Sputnik-2,52,41.204059,69.223304
Toshkent shahri,Yangihayot tumani,Sputnik-2,53,41.202241,69.219603
Toshkent shahri,Yangihayot tumani,Sputnik-2,54,41.202688,69.22069
Toshkent shahri,Yangihayot tumani,Sputnik-2,55,41.202919,69.221256
Toshkent shahri,Yangihayot tumani,Sputnik-2,56,41.20315,69.221804
Toshkent shahri,Yangihayot tumani,Sputnik-2,57,41.203381,69.22237
Toshkent shahri,Yangihayot tumani,Sputnik-2,58,41.203828,69.223475
Toshkent shahri,Yangihayot tumani,Sputnik-2,59,41.202017,69.219738
Toshkent shahri,Yangihayot tumani,Sputnik-2,60,41.202471,69.220843
Toshkent shahri,Yangihayot tumani,Sputnik-2,61,41.203157,69.222532
Toshkent shahri,Yangihayot tumani,Sputnik-2,62,41.203604,69.223619
Toshkent shahri,Yangihayot tumani,Sputnik-2,63,41.2018,69.2199
Toshkent shahri,Yangihayot tumani,Sputnik-2,64,41.202234,69.221005
Toshkent shahri,Yangihayot tumani,Sputnik-2,65,41.202485,69.221607
Toshkent shahri,Yangihayot tumani,Sputnik-2,66,41.202695,69.222128
Toshkent shahri,Yangihayot tumani,Sputnik-2,67,41.202933,69.222694
Toshkent shahri,Yangihayot tumani,Sputnik-2,68,41.203374,69.22379
Toshkent shahri,Yangihayot tumani,Sputnik-2,69,41.202281,69.220313
Toshkent shahri,Yangihayot tumani,Sputnik-2,70,41.203265,69.223268
Toshkent shahri,Yangihayot tumani,Sputnik-2,71,41.204168,69.222819
Toshkent shahri,Yangihayot tumani,Sputnik-3,1,41.205701,69.222981
Toshkent shahri,Yangihayot tumani,Sputnik-3,2,41.206149,69.224077
Toshkent shahri,Yangihayot tumani,Sputnik-3,3,41.206359,69.224553
Toshkent shahri,Yangihayot tumani,Sputnik-3,4,41.206617,69.225281
Toshkent shahri,Yangihayot tumani,Sputnik-3,5,41.206854,69.225793
Toshkent shahri,Yangihayot tumani,Sputnik-3,7,41.205803,69.223583
Toshkent shahri,Yangihayot tumani,Sputnik-3,8,41.206949,69.226413
Toshkent shahri,Yangihayot tumani,Sputnik-3,9,41.20549,69.223125
Toshkent shahri,Yangihayot tumani,Sputnik-3,10,41.205931,69.224194
Toshkent shahri,Yangihayot tumani,Sputnik-3,11,41.206142,69.224715
Toshkent shahri,Yangihayot tumani,Sputnik-3,12,41.206277,69.225065
Toshkent shahri,Yangihayot tumani,Sputnik-3,12A,41.206081,69.225164
Toshkent shahri,Yangihayot tumani,Sputnik-3,13,41.20642,69.225406
Toshkent shahri,Yangihayot tumani,Sputnik-3,14,41.206637,69.225954
Toshkent shahri,Yangihayot tumani,Sputnik-3,15,41.207071,69.226988
Toshkent shahri,Yangihayot tumani,Sputnik-3,16,41.205565,69.223763
Toshkent shahri,Yangihayot tumani,Sputnik-3,17,41.206718,69.226565
Toshkent shahri,Yangihayot tumani,Sputnik-3,18,41.205267,69.223295
Toshkent shahri,Yangihayot tumani,Sputnik-3,19,41.205701,69.224337
Toshkent shahri,Yangihayot tumani,Sputnik-3,20,41.205918,69.224876
Toshkent shahri,Yangihayot tumani,Sputnik-3,21,41.206203,69.225577
Toshkent shahri,Yangihayot tumani,Sputnik-3,22,41.20642,69.226107
Toshkent shahri,Yangihayot tumani,Sputnik-3,23,41.206847,69.227158
Toshkent shahri,Yangihayot tumani,Sputnik-3,24,41.204907,69.223547
Toshkent shahri,Yangihayot tumani,Sputnik-3,25,41.205049,69.223897
Toshkent shahri,Yangihayot tumani,Sputnik-3,26,41.205199,69.224257
Toshkent shahri,Yangihayot tumani,Sputnik-3,27,41.205348,69.224607
Toshkent shahri,Yangihayot tumani,Sputnik-3,28,41.205558,69.225146
Toshkent shahri,Yangihayot tumani,Sputnik-3,29,41.205843,69.225829
Toshkent shahri,Yangihayot tumani,Sputnik-3,30,41.20606,69.226359
Toshkent shahri,Yangihayot tumani,Sputnik-3,31,41.20621,69.226709
Toshkent shahri,Yangihayot tumani,Sputnik-3,32,41.206345,69.227077
Toshkent shahri,Yangihayot tumani,Sputnik-3,33,41.206488,69.227392
Toshkent shahri,Yangihayot tumani,Sputnik-3,34,41.204676,69.223709
Toshkent shahri,Yangihayot tumani,Sputnik-3,35,41.205111,69.224769
Toshkent shahri,Yangihayot tumani,Sputnik-3,36,41.205341,69.225299
Toshkent shahri,Yangihayot tumani,Sputnik-3,37,41.20545,69.225649
Toshkent shahri,Yangihayot tumani,Sputnik-3,38,41.205626,69.22599
Toshkent shahri,Yangihayot tumani,Sputnik-3,39,41.205836,69.22652
Toshkent shahri,Yangihayot tumani,Sputnik-3,40,41.206271,69.227571
Toshkent shahri,Yangihayot tumani,Sputnik-3,41,41.204459,69.22387
Toshkent shahri,Yangihayot tumani,Sputnik-3,42,41.204602,69.22423
Toshkent shahri,Yangihayot tumani,Sputnik-3,43,41.204751,69.22458
Toshkent shahri,Yangihayot tumani,Sputnik-3,44,41.204893,69.224939
Toshkent shahri,Yangihayot tumani,Sputnik-3,45,41.205104,69.22546
Toshkent shahri,Yangihayot tumani,Sputnik-3,46,41.205395,69.226152
Toshkent shahri,Yangihayot tumani,Sputnik-3,47,41.205613,69.226682
Toshkent shahri,Yangihayot tumani,Sputnik-3,48,41.205762,69.227032
Toshkent shahri,Yangihayot tumani,Sputnik-3,49,41.205925,69.227419
Toshkent shahri,Yangihayot tumani,Sputnik-3,50,41.206054,69.227742
Toshkent shahri,Yangihayot tumani,Sputnik-3,51,41.204106,69.224131
Toshkent shahri,Yangihayot tumani,Sputnik-3,52,41.204249,69.224454
Toshkent shahri,Yangihayot tumani,Sputnik-3,53,41.204391,69.224841
Toshkent shahri,Yangihayot tumani,Sputnik-3,54,41.204541,69.225191
Toshkent shahri,Yangihayot tumani,Sputnik-3,55,41.204751,69.225721
Toshkent shahri,Yangihayot tumani,Sputnik-3,56,41.205036,69.226413
Toshkent shahri,Yangihayot tumani,Sputnik-3,57,41.20526,69.226943
Toshkent shahri,Yangihayot tumani,Sputnik-3,58,41.205395,69.227293
Toshkent shahri,Yangihayot tumani,Sputnik-3,59,41.205545,69.227652
Toshkent shahri,Yangihayot tumani,Sputnik-3,60,41.205687,69.227994
Toshkent shahri,Yangihayot tumani,Sputnik-3,61,41.203883,69.224293
Toshkent shahri,Yangihayot tumani,Sputnik-3,62,41.20431,69.225344
Toshkent shahri,Yangihayot tumani,Sputnik-3,63,41.204534,69.225883
Toshkent shahri,Yangihayot tumani,Sputnik-3,64,41.20467,69.226215
Toshkent shahri,Yangihayot tumani,Sputnik-3,65,41.204805,69.226556
Toshkent shahri,Yangihayot tumani,Sputnik-3,66,41.205029,69.227104
Toshkent shahri,Yangihayot tumani,Sputnik-3,67,41.20547,69.228146
Toshkent shahri,Yangihayot tumani,Sputnik-3,68,41.203659,69.224454
Toshkent shahri,Yangihayot tumani,Sputnik-3,69,41.203808,69.224796
Toshkent shahri,Yangihayot tumani,Sputnik-3,70,41.20395,69.225164
Toshkent shahri,Yangihayot tumani,Sputnik-3,71,41.204093,69.225505
Toshkent shahri,Yangihayot tumani,Sputnik-3,72,41.204317,69.226017
Toshkent shahri,Yangihayot tumani,Sputnik-3,73,41.204595,69.226727
Toshkent shahri,Yangihayot tumani,Sputnik-3,74,41.204812,69.227257
Toshkent shahri,Yangihayot tumani,Sputnik-3,75,41.204954,69.227598
Toshkent shahri,Yangihayot tumani,Sputnik-3,76,41.205111,69.227958
Toshkent shahri,Yangihayot tumani,Sputnik-3,77,41.205246,69.22829
Toshkent shahri,Yangihayot tumani,Sputnik-4,2,41.207621,69.227661
Toshkent shahri,Yangihayot tumani,Sputnik-4,3,41.207756,69.228021
Toshkent shahri,Yangihayot tumani,Sputnik-4,4,41.207892,69.228362
Toshkent shahri,Yangihayot tumani,Sputnik-4,5,41.207261,69.227482
Toshkent shahri,Yangihayot tumani,Sputnik-4,6,41.207682,69.228515
Toshkent shahri,Yangihayot tumani,Sputnik-4,7,41.207037,69.227625
Toshkent shahri,Yangihayot tumani,Sputnik-4,8,41.207173,69.227958
Toshkent shahri,Yangihayot tumani,Sputnik-4,9,41.207315,69.228308
Toshkent shahri,Yangihayot tumani,Sputnik-4,10,41.207458,69.228676
Toshkent shahri,Yangihayot tumani,Sputnik-4,11,41.206691,69.227877
Toshkent shahri,Yangihayot tumani,Sputnik-4,12,41.206827,69.228191
Toshkent shahri,Yangihayot tumani,Sputnik-4,13,41.206013,69.231659
Toshkent shahri,Yangihayot tumani,Sputnik-4,13D,41.206949,69.228604
Toshkent shahri,Yangihayot tumani,Sputnik-4,14,41.207098,69.228901
Toshkent shahri,Yangihayot tumani,Sputnik-4,15,41.206467,69.22803
Toshkent shahri,Yangihayot tumani,Sputnik-4,16,41.206881,69.229072
Toshkent shahri,Yangihayot tumani,Sputnik-4,17,41.206244,69.228182
Toshkent shahri,Yangihayot tumani,Sputnik-4,18,41.206386,69.228533
Toshkent shahri,Yangihayot tumani,Sputnik-4,19,41.206522,69.228874
Toshkent shahri,Yangihayot tumani,Sputnik-4,20,41.206651,69.229197
Toshkent shahri,Yangihayot tumani,Sputnik-4,21,41.205864,69.228452
Toshkent shahri,Yangihayot tumani,Sputnik-4,22,41.206006,69.228802
Toshkent shahri,Yangihayot tumani,Sputnik-4,23,41.206142,69.229143
Toshkent shahri,Yangihayot tumani,Sputnik-4,24,41.206277,69.229485
Toshkent shahri,Yangihayot tumani,Sputnik-4,25,41.20568,69.228613
Toshkent shahri,Yangihayot tumani,Sputnik-4,26,41.20547,69.228775
Toshkent shahri,Yangihayot tumani,Sputnik-4,27,41.206562,69.230239
Toshkent shahri,Yangihayot tumani,Sputnik-4,28,41.206026,69.23015
Toshkent shahri,Yangihayot tumani,Sputnik-4,29,41.20722,69.230024
Toshkent shahri,Yangihayot tumani,Sputnik-4,30,41.207885,69.22979
Toshkent shahri,Yangihayot tumani,Sputnik-4,31,41.20817,69.228982
Toshkent shahri,Yangihayot tumani,Sputnik-4,32,41.207594,69.22909
Toshkent shahri,Yangihayot tumani,Sputnik-4,33,41.207234,69.229323
Toshkent shahri,Yangihayot tumani,Sputnik-4,34,41.206807,69.229647
Toshkent shahri,Yangihayot tumani,Sputnik-4,39,41.205124,69.232934
Toshkent shahri,Yangihayot tumani,Sputnik-4,40,41.204792,69.23218
Toshkent shahri,Yangihayot tumani,Sputnik-4,40A,41.205144,69.232063
Toshkent shahri,Yangihayot tumani,Sputnik-4,40B,41.205728,69.232898
Toshkent shahri,Yangihayot tumani,Sputnik-4,40G,41.204812,69.236626
Toshkent shahri,Yangihayot tumani,Sputnik-4,41,41.205538,69.233626
Toshkent shahri,Yangihayot tumani,Sputnik-4,42,41.205674,69.22935
Toshkent shahri,Yangihayot tumani,Sputnik-4,43,41.207132,69.232081
Toshkent shahri,Yangihayot tumani,Sputnik-4,43-95/4,41.206997,69.231856
Toshkent shahri,Yangihayot tumani,Sputnik-4,43-95/9,41.206915,69.232207
Toshkent shahri,Yangihayot tumani,Sputnik-4,44,41.207655,69.23068
Toshkent shahri,Yangihayot tumani,Sputnik-4,47,41.205809,69.231192
Toshkent shahri,Yangihayot tumani,Sputnik-4,48,41.20471,69.231587
Toshkent shahri,Yangihayot tumani,Sputnik-4,49,41.206094,69.231946
Toshkent shahri,Yangihayot tumani,Sputnik-4,50,41.206006,69.233195
Toshkent shahri,Yangihayot tumani,Sputnik-4,51,41.204337,69.232368
Toshkent shahri,Yangihayot tumani,Sputnik-4,52,41.206793,69.23333
Toshkent shahri,Yangihayot tumani,Sputnik-4,53,41.206678,69.23235
Toshkent shahri,Yangihayot tumani,Sputnik-4,54,41.204636,69.233743
Toshkent shahri,Yangihayot tumani,Sputnik-5,1,41.198624,69.213495
Toshkent shahri,Yangihayot tumani,Sputnik-5,2,41.198842,69.214043
Toshkent shahri,Yangihayot tumani,Sputnik-5,3,41.198414,69.213639
Toshkent shahri,Yangihayot tumani,Sputnik-5,4,41.198638,69.214187
Toshkent shahri,Yangihayot tumani,Sputnik-5,5,41.199791,69.217645
Toshkent shahri,Yangihayot tumani,Sputnik-5,6,41.198421,69.214348
Toshkent shahri,Yangihayot tumani,Sputnik-5,7,41.198699,69.215085
Toshkent shahri,Yangihayot tumani,Sputnik-5,8,41.19893,69.215669
Toshkent shahri,Yangihayot tumani,Sputnik-5,9,41.198333,69.215121
Toshkent shahri,Yangihayot tumani,Sputnik-5,10,41.197091,69.217106
Toshkent shahri,Yangihayot tumani,Sputnik-5,10A,41.198658,69.215974
Toshkent shahri,Yangihayot tumani,Sputnik-5,11,41.197559,69.219244
Toshkent shahri,Yangihayot tumani,Sputnik-5,11A,41.198278,69.216244
Toshkent shahri,Yangihayot tumani,Sputnik-5,12,41.197905,69.216289
Toshkent shahri,Yangihayot tumani,Sputnik-5,13,41.197695,69.216441
Toshkent shahri,Yangihayot tumani,Sputnik-5,15,41.197138,69.219558
Toshkent shahri,Yangihayot tumani,Sputnik-5,16,41.196718,69.217097
Toshkent shahri,Yangihayot tumani,Sputnik-5,17,41.196697,69.216325
Toshkent shahri,Yangihayot tumani,Sputnik-5,17B,41.196555,69.216693
Toshkent shahri,Yangihayot tumani,Sputnik-5,18,41.197138,69.216298
Toshkent shahri,Yangihayot tumani,Sputnik-5,19,41.197342,69.215821
Toshkent shahri,Yangihayot tumani,Sputnik-5,20,41.197736,69.215552
Toshkent shahri,Yangihayot tumani,Sputnik-5,21,41.198109,69.215606
Toshkent shahri,Yangihayot tumani,Sputnik-5,22,41.199201,69.215453
Toshkent shahri,Yangihayot tumani,Sputnik-5,23,41.198448,69.215651
Toshkent shahri,Yangihayot tumani,Sputnik-5,24,41.1976,69.214411
Toshkent shahri,Yangihayot tumani,Sputnik-5,25,41.196345,69.21513
Toshkent shahri,Yangihayot tumani,Sputnik-5,30,41.196358,69.217277
Toshkent shahri,Yangihayot tumani,Sputnik-6,1,41.202465,69.224463
Toshkent shahri,Yangihayot tumani,Sputnik-6,1A,41.202302,69.224535
Toshkent shahri,Yangihayot tumani,Sputnik-6,2,41.201806,69.224104
Toshkent shahri,Yangihayot tumani,Sputnik-6,4,41.202058,69.224688
Toshkent shahri,Yangihayot tumani,Sputnik-6,5,41.201589,69.224275
Toshkent shahri,Yangihayot tumani,Sputnik-6,6,41.201813,69.224841
Toshkent shahri,Yangihayot tumani,Sputnik-6,7,41.201583,69.225002
Toshkent shahri,Yangihayot tumani,Sputnik-6,8,41.201718,69.225254
Toshkent shahri,Yangihayot tumani,Sputnik-6,9,41.200972,69.224688
Toshkent shahri,Yangihayot tumani,Sputnik-6,10,41.201304,69.225389
Toshkent shahri,Yangihayot tumani,Sputnik-6,11,41.200565,69.2252
Toshkent shahri,Yangihayot tumani,Sputnik-6,15,41.199941,69.226314
Toshkent shahri,Yangihayot tumani,Sputnik-6,16,41.200456,69.225658
Toshkent shahri,Yangihayot tumani,Sputnik-6,17,41.201786,69.222622
Toshkent shahri,Yangihayot tumani,Sputnik-6,18,41.201996,69.223134
Toshkent shahri,Yangihayot tumani,Sputnik-6,19,41.201427,69.222667
Toshkent shahri,Yangihayot tumani,Sputnik-6,20,41.201766,69.223502
Toshkent shahri,Yangihayot tumani,Sputnik-6,21,41.20104,69.222954
Toshkent shahri,Yangihayot tumani,Sputnik-6,22,41.201386,69.22379
Toshkent shahri,Yangihayot tumani,Sputnik-6,23,41.200802,69.223322
Toshkent shahri,Yangihayot tumani,Sputnik-6,24,41.201019,69.223843
Toshkent shahri,Yangihayot tumani,Sputnik-6,25,41.200592,69.223475
Toshkent shahri,Yangihayot tumani,Sputnik-6,26,41.200802,69.223987
Toshkent shahri,Yangihayot tumani,Sputnik-6,27,41.200219,69.223529
Toshkent shahri,Yangihayot tumani,Sputnik-6,28,41.200565,69.224373
Toshkent shahri,Yangihayot tumani,Sputnik-6,29,41.199839,69.223799
Toshkent shahri,Yangihayot tumani,Sputnik-6,30,41.200192,69.224643
Toshkent shahri,Yangihayot tumani,Sputnik-6,31,41.199608,69.224185
Toshkent shahri,Yangihayot tumani,Sputnik-6,32,41.199825,69.224688
Toshkent shahri,Yangihayot tumani,Sputnik-6,33,41.199364,69.224355
Toshkent shahri,Yangihayot tumani,Sputnik-6,34,41.199581,69.224885
Toshkent shahri,Yangihayot tumani,Sputnik-6,35,41.199154,69.224508
Toshkent shahri,Yangihayot tumani,Sputnik-6,36,41.199364,69.225029
Toshkent shahri,Yangihayot tumani,Sputnik-6,39,41.20277,69.22414
Toshkent shahri,Yangihayot tumani,Sputnik-7,1,41.203584,69.225999
Toshkent shahri,Yangihayot tumani,Sputnik-7,2,41.20357,69.225622
Toshkent shahri,Yangihayot tumani,Sputnik-7,2A,41.203204,69.225694
Toshkent shahri,Yangihayot tumani,Sputnik-7,3,41.204514,69.227805
Toshkent shahri,Yangihayot tumani,Sputnik-7,4,41.204771,69.22847
Toshkent shahri,Yangihayot tumani,Sputnik-7,5,41.204927,69.229503
Toshkent shahri,Yangihayot tumani,Sputnik-7,6,41.203129,69.225002
Toshkent shahri,Yangihayot tumani,Sputnik-7,7,41.203347,69.22564
Toshkent shahri,Yangihayot tumani,Sputnik-7,8,41.204283,69.228003
Toshkent shahri,Yangihayot tumani,Sputnik-7,8A,41.204106,69.227571
Toshkent shahri,Yangihayot tumani,Sputnik-7,9,41.203964,69.228137
Toshkent shahri,Yangihayot tumani,Sputnik-7,11,41.202458,69.225344
Toshkent shahri,Yangihayot tumani,Sputnik-7,14,41.20431,69.228811
Toshkent shahri,Yangihayot tumani,Sputnik-7,18,41.202994,69.227032
Toshkent shahri,Yangihayot tumani,Sputnik-7,19A,41.203903,69.226745
Toshkent shahri,Yangihayot tumani,Sputnik-7,20,41.203604,69.228506
Toshkent shahri,Yangihayot tumani,Sputnik-7,23,41.203007,69.226781
Toshkent shahri,Yangihayot tumani,Sputnik-7,23A,41.202376,69.225514
Toshkent shahri,Yangihayot tumani,Sputnik-7,24,41.202709,69.226206
Toshkent shahri,Yangihayot tumani,Sputnik-7,25,41.20277,69.227185
Toshkent shahri,Yangihayot tumani,Sputnik-7,26,41.203021,69.227796
Toshkent shahri,Yangihayot tumani,Sputnik-7,27,41.203374,69.228667
Toshkent shahri,Yangihayot tumani,Sputnik-7,47,41.204235,69.230689
Toshkent shahri,Yangihayot tumani,Sputnik-7,49,41.204554,69.230967
Toshkent shahri,Yangihayot tumani,Sputnik-7,50,41.204452,69.230275
Toshkent shahri,Yangihayot tumani,Sputnik-7,51,41.204419,69.229647
Toshkent shahri,Yangihayot tumani,Sputnik-7,52,41.204127,69.228883
Toshkent shahri,Yangihayot tumani,Sputnik-8,1,41.195157,69.216001
Toshkent shahri,Yangihayot tumani,Sputnik-8,2,41.196277,69.219433
Toshkent shahri,Yangihayot tumani,Sputnik-8,3,41.196284,69.218768
Toshkent shahri,Yangihayot tumani,Sputnik-8,4,41.196745,69.219846
Toshkent shahri,Yangihayot tumani,Sputnik-8,5,41.194791,69.21628
Toshkent shahri,Yangihayot tumani,Sputnik-8,6,41.195225,69.217358
Toshkent shahri,Yangihayot tumani,Sputnik-8,7,41.195463,69.217933
Toshkent shahri,Yangihayot tumani,Sputnik-8,8,41.195686,69.218471
Toshkent shahri,Yangihayot tumani,Sputnik-8,9,41.195924,69.219055
Toshkent shahri,Yangihayot tumani,Sputnik-8,10,41.196372,69.220115
Toshkent shahri,Yangihayot tumani,Sputnik-8,11,41.194574,69.216441
Toshkent shahri,Yangihayot tumani,Sputnik-8,12,41.195042,69.216828
Toshkent shahri,Yangihayot tumani,Sputnik-8,12A,41.195605,69.217115
Toshkent shahri,Yangihayot tumani,Sputnik-8,12B,41.194994,69.217438
Toshkent shahri,Yangihayot tumani,Sputnik-8,13,41.195245,69.218085
Toshkent shahri,Yangihayot tumani,Sputnik-8,14,41.195469,69.218642
Toshkent shahri,Yangihayot tumani,Sputnik-8,15,41.195714,69.219208
Toshkent shahri,Yangihayot tumani,Sputnik-8,16,41.196155,69.220277
Toshkent shahri,Yangihayot tumani,Sputnik-8,17,41.194357,69.216585
Toshkent shahri,Yangihayot tumani,Sputnik-8,18,41.19458,69.217124
Toshkent shahri,Yangihayot tumani,Sputnik-8,19,41.194804,69.217663
Toshkent shahri,Yangihayot tumani,Sputnik-8,20,41.19549,69.219352
Toshkent shahri,Yangihayot tumani,Sputnik-8,21,41.195727,69.219909
Toshkent shahri,Yangihayot tumani,Sputnik-8,22,41.195951,69.220421
Toshkent shahri,Yangihayot tumani,Sputnik-8,24,41.194818,69.2184
Toshkent shahri,Yangihayot tumani,Sputnik-8,25,41.195049,69.218939
Toshkent shahri,Yangihayot tumani,Sputnik-8,26,41.195273,69.219496
Toshkent shahri,Yangihayot tumani,Sputnik-8,27,41.193922,69.216738
Toshkent shahri,Yangihayot tumani,Sputnik-8,28,41.194262,69.217555
Toshkent shahri,Yangihayot tumani,Sputnik-8,29,41.194608,69.218552
Toshkent shahri,Yangihayot tumani,Sputnik-8,30,41.194831,69.2191
Toshkent shahri,Yangihayot tumani,Sputnik-8,31,41.195388,69.220277
Toshkent shahri,Yangihayot tumani,Sputnik-8,32,41.195517,69.220592
Toshkent shahri,Yangihayot tumani,Sputnik-8,33,41.193542,69.217034
Toshkent shahri,Yangihayot tumani,Sputnik-8,34,41.193875,69.217843
Toshkent shahri,Yangihayot tumani,Sputnik-8,35,41.194323,69.218768
Toshkent shahri,Yangihayot tumani,Sputnik-8,36,41.194547,69.219316
Toshkent shahri,Yangihayot tumani,Sputnik-8,37,41.194994,69.220565
Toshkent shahri,Yangihayot tumani,Sputnik-8,38,41.195137,69.220879
Toshkent shahri,Yangihayot tumani,Sputnik-8,39,41.193868,69.218346
Toshkent shahri,Yangihayot tumani,Sputnik-8,40,41.194099,69.218912
Toshkent shahri,Yangihayot tumani,Sputnik-8,41,41.194329,69.219469
Toshkent shahri,Yangihayot tumani,Sputnik-8,42,41.194567,69.220026
Toshkent shahri,Yangihayot tumani,Sputnik-8,43,41.193203,69.217402
Toshkent shahri,Yangihayot tumani,Sputnik-8,44,41.193658,69.21848
Toshkent shahri,Yangihayot tumani,Sputnik-8,45,41.194357,69.220187
Toshkent shahri,Yangihayot tumani,Sputnik-8,46,41.194798,69.221274
Toshkent shahri,Yangihayot tumani,Sputnik-8,46A,41.19458,69.220798
Toshkent shahri,Yangihayot tumani,Sputnik-8,47,41.193006,69.217564
Toshkent shahri,Yangihayot tumani,Sputnik-8,48,41.19344,69.218633
Toshkent shahri,Yangihayot tumani,Sputnik-8,49,41.193671,69.21919
Toshkent shahri,Yangihayot tumani,Sputnik-8,50,41.193902,69.219756
Toshkent shahri,Yangihayot tumani,Sputnik-8,51,41.194133,69.220331
Toshkent shahri,Yangihayot tumani,Sputnik-8,52,41.194594,69.221436
Toshkent shahri,Yangihayot tumani,Sputnik-8,53,41.192782,69.217708
Toshkent shahri,Yangihayot tumani,Sputnik-8,54,41.19325,69.218795
Toshkent shahri,Yangihayot tumani,Sputnik-8,55,41.193468,69.219361
Toshkent shahri,Yangihayot tumani,Sputnik-8,56,41.193692,69.219918
Toshkent shahri,Yangihayot tumani,Sputnik-8,57,41.193915,69.220484
Toshkent shahri,Yangihayot tumani,Sputnik-8,58,41.194363,69.221571
Toshkent shahri,Yangihayot tumani,Sputnik-8,59,41.192572,69.217861
Toshkent shahri,Yangihayot tumani,Sputnik-8,60,41.193027,69.218957
Toshkent shahri,Yangihayot tumani,Sputnik-8,61,41.193705,69.220654
Toshkent shahri,Yangihayot tumani,Sputnik-8,62,41.19416,69.221741
Toshkent shahri,Yangihayot tumani,Sputnik-8,63,41.195361,69.216702
Toshkent shahri,Yangihayot tumani,Sputnik-8,64,41.196521,69.219298
Toshkent shahri,Yangihayot tumani,Sputnik-8,65,41.193067,69.218211
Toshkent shahri,Yangihayot tumani,Sputnik-8,66,41.1942,69.220978
Toshkent shahri,Yangihayot tumani,Sputnik-8,67,41.192877,69.218355
Toshkent shahri,Yangihayot tumani,Sputnik-8,71,41.195829,69.217672
Toshkent shahri,Yangihayot tumani,Sputnik-8,72,41.196046,69.218211
Toshkent shahri,Yangihayot tumani,Sputnik-9,1,41.197912,69.222738
Toshkent shahri,Yangihayot tumani,Sputnik-9,2,41.198353,69.223807
Toshkent shahri,Yangihayot tumani,Sputnik-9,5,41.199038,69.225478
Toshkent shahri,Yangihayot tumani,Sputnik-9,6,41.199486,69.226565
Toshkent shahri,Yangihayot tumani,Sputnik-9,7,41.197539,69.222981
Toshkent shahri,Yangihayot tumani,Sputnik-9,7A,41.19779,69.223592
Toshkent shahri,Yangihayot tumani,Sputnik-9,8,41.19798,69.224068
Toshkent shahri,Yangihayot tumani,Sputnik-9,9,41.198211,69.224616
Toshkent shahri,Yangihayot tumani,Sputnik-9,10,41.198448,69.225191
Toshkent shahri,Yangihayot tumani,Sputnik-9,11,41.198665,69.225748
Toshkent shahri,Yangihayot tumani,Sputnik-9,11-Apr,41.198862,69.226206
Toshkent shahri,Yangihayot tumani,Sputnik-9,12,41.199113,69.226835
Toshkent shahri,Yangihayot tumani,Sputnik-9,13,41.197322,69.223125
Toshkent shahri,Yangihayot tumani,Sputnik-9,14,41.197763,69.22423
Toshkent shahri,Yangihayot tumani,Sputnik-9,16,41.198224,69.225335
Toshkent shahri,Yangihayot tumani,Sputnik-9,17,41.198462,69.225901
Toshkent shahri,Yangihayot tumani,Sputnik-9,18,41.198903,69.226988
Toshkent shahri,Yangihayot tumani,Sputnik-9,19,41.197105,69.223286
Toshkent shahri,Yangihayot tumani,Sputnik-9,20,41.197322,69.223825
Toshkent shahri,Yangihayot tumani,Sputnik-9,21,41.197552,69.224364
Toshkent shahri,Yangihayot tumani,Sputnik-9,22,41.198258,69.226062
Toshkent shahri,Yangihayot tumani,Sputnik-9,23,41.198468,69.226601
Toshkent shahri,Yangihayot tumani,Sputnik-9,24,41.198699,69.227158
Toshkent shahri,Yangihayot tumani,Sputnik-9,25,41.197342,69.224526
Toshkent shahri,Yangihayot tumani,Sputnik-9,26,41.197573,69.225092
Toshkent shahri,Yangihayot tumani,Sputnik-9,27,41.197797,69.22564
Toshkent shahri,Yangihayot tumani,Sputnik-9,28,41.198034,69.226215
Toshkent shahri,Yangihayot tumani,Sputnik-9,29,41.196779,69.223664
Toshkent shahri,Yangihayot tumani,Sputnik-9,30,41.196901,69.223987
Toshkent shahri,Yangihayot tumani,Sputnik-9,31,41.197362,69.225245
Toshkent shahri,Yangihayot tumani,Sputnik-9,32,41.19758,69.225802
Toshkent shahri,Yangihayot tumani,Sputnik-9,33,41.198136,69.226988
Toshkent shahri,Yangihayot tumani,Sputnik-9,34,41.198272,69.227311
Toshkent shahri,Yangihayot tumani,Sputnik-9,35,41.196399,69.223933
Toshkent shahri,Yangihayot tumani,Sputnik-9,36,41.196521,69.224284
Toshkent shahri,Yangihayot tumani,Sputnik-9,37,41.197077,69.22546
Toshkent shahri,Yangihayot tumani,Sputnik-9,38,41.197301,69.225999
Toshkent shahri,Yangihayot tumani,Sputnik-9,39,41.197749,69.227275
Toshkent shahri,Yangihayot tumani,Sputnik-9,40,41.197878,69.227589
Toshkent shahri,Yangihayot tumani,Sputnik-9,41,41.196623,69.225029
Toshkent shahri,Yangihayot tumani,Sputnik-9,42,41.196854,69.225613
Toshkent shahri,Yangihayot tumani,Sputnik-9,43,41.197084,69.226152
Toshkent shahri,Yangihayot tumani,Sputnik-9,44,41.197328,69.226718
Toshkent shahri,Yangihayot tumani,Sputnik-9,45,41.195958,69.224113
Toshkent shahri,Yangihayot tumani,Sputnik-9,46,41.196406,69.225191
Toshkent shahri,Yangihayot tumani,Sputnik-9,47,41.197105,69.226889
Toshkent shahri,Yangihayot tumani,Sputnik-9,48,41.197546,69.227985
Toshkent shahri,Yangihayot tumani,Sputnik-9,49,41.195748,69.224257
Toshkent shahri,Yangihayot tumani,Sputnik-9,50,41.196202,69.225353
Toshkent shahri,Yangihayot tumani,Sputnik-9,51,41.196887,69.227041
Toshkent shahri,Yangihayot tumani,Sputnik-9,52,41.197342,69.228137
Toshkent shahri,Yangihayot tumani,Sputnik-9,53,41.19553,69.224418
Toshkent shahri,Yangihayot tumani,Sputnik-9,54,41.195992,69.225505
Toshkent shahri,Yangihayot tumani,Sputnik-9,55,41.196677,69.227185
Toshkent shahri,Yangihayot tumani,Sputnik-9,56,41.197125,69.228272
Toshkent shahri,Yangihayot tumani,Sputnik-9,57,41.195327,69.224562
Toshkent shahri,Yangihayot tumani,Sputnik-9,58,41.195775,69.225658
Toshkent shahri,Yangihayot tumani,Sputnik-9,59,41.19646,69.227338
Toshkent shahri,Yangihayot tumani,Sputnik-9,60,41.196894,69.228443
Toshkent shahri,Yangihayot tumani,Sputnik-9,61,41.195795,69.224948
Toshkent shahri,Yangihayot tumani,Sputnik-9,62,41.196792,69.227814
Toshkent shahri,Yangihayot tumani,Sputnik-9,63,41.195558,69.225065
Toshkent shahri,Yangihayot tumani,Sputnik-9,65,41.197607,69.226754
Toshkent shahri,Yangihayot tumani,Sputnik-9,67,41.199344,69.226826
Toshkent shahri,Yangihayot tumani,Sputnik-9,68,41.198088,69.223268
Toshkent shahri,Yangihayot tumani,Sputnik-9,69,41.198814,69.224912
Toshkent shahri,Yangihayot tumani,Sputnik-9,72,41.198842,69.225487
Toshkent shahri,Yangihayot tumani,Sputnik-10,1,41.201745,69.225892
Toshkent shahri,Yangihayot tumani,Sputnik-10,2,41.20184,69.226125
Toshkent shahri,Yangihayot tumani,Sputnik-10,3,41.201929,69.226314
Toshkent shahri,Yangihayot tumani,Sputnik-10,4,41.202003,69.226502
Toshkent shahri,Yangihayot tumani,Sputnik-10,5,41.202044,69.226709
Toshkent shahri,Yangihayot tumani,Sputnik-10,6,41.202207,69.226952
Toshkent shahri,Yangihayot tumani,Sputnik-10,7,41.202288,69.227167
Toshkent shahri,Yangihayot tumani,Sputnik-10,8,41.202451,69.227284
Toshkent shahri,Yangihayot tumani,Sputnik-10,9,41.202465,69.22758
Toshkent shahri,Yangihayot tumani,Sputnik-10,10,41.20256,69.227787
Toshkent shahri,Yangihayot tumani,Sputnik-10,11,41.202634,69.228012
Toshkent shahri,Yangihayot tumani,Sputnik-10,12,41.201542,69.226044
Toshkent shahri,Yangihayot tumani,Sputnik-10,13,41.201589,69.22626
Toshkent shahri,Yangihayot tumani,Sputnik-10,14,41.201705,69.226458
Toshkent shahri,Yangihayot tumani,Sputnik-10,15,41.201786,69.226619
Toshkent shahri,Yangihayot tumani,Sputnik-10,16,41.201895,69.226898
Toshkent shahri,Yangihayot tumani,Sputnik-10,17,41.201983,69.226979
Toshkent shahri,Yangihayot tumani,Sputnik-10,18,41.20201,69.22732
Toshkent shahri,Yangihayot tumani,Sputnik-10,19,41.202091,69.227527
Toshkent shahri,Yangihayot tumani,Sputnik-10,20,41.202234,69.22776
Toshkent shahri,Yangihayot tumani,Sputnik-10,21,41.202322,69.227967
Toshkent shahri,Yangihayot tumani,Sputnik-10,22,41.20241,69.228137
Toshkent shahri,Yangihayot tumani,Sputnik-10,22A,41.202417,69.228272
Toshkent shahri,Yangihayot tumani,Sputnik-10,23,41.201216,69.22626
Toshkent shahri,Yangihayot tumani,Sputnik-10,24,41.201338,69.226484
Toshkent shahri,Yangihayot tumani,Sputnik-10,25,41.201406,69.226682
Toshkent shahri,Yangihayot tumani,Sputnik-10,27,41.201596,69.227149
Toshkent shahri,Yangihayot tumani,Sputnik-10,28,41.201678,69.227329
Toshkent shahri,Yangihayot tumani,Sputnik-10,29,41.201759,69.227518
Toshkent shahri,Yangihayot tumani,Sputnik-10,30,41.201813,69.227769
Toshkent shahri,Yangihayot tumani,Sputnik-10,31,41.201935,69.227958
Toshkent shahri,Yangihayot tumani,Sputnik-10,32,41.202003,69.228155
Toshkent shahri,Yangihayot tumani,Sputnik-10,33,41.20106,69.226386
Toshkent shahri,Yangihayot tumani,Sputnik-10,34,41.201101,69.226646
Toshkent shahri,Yangihayot tumani,Sputnik-10,35,41.201257,69.226817
Toshkent shahri,Yangihayot tumani,Sputnik-10,36,41.201271,69.227059
Toshkent shahri,Yangihayot tumani,Sputnik-10,37,41.201386,69.227275
Toshkent shahri,Yangihayot tumani,Sputnik-10,38,41.201454,69.227491
Toshkent shahri,Yangihayot tumani,Sputnik-10,39,41.201542,69.227697
Toshkent shahri,Yangihayot tumani,Sputnik-10,40,41.201623,69.227895
Toshkent shahri,Yangihayot tumani,Sputnik-10,41,41.201718,69.22811
Toshkent shahri,Yangihayot tumani,Sputnik-10,42,41.201773,69.228344
Toshkent shahri,Yangihayot tumani,Sputnik-10,43,41.200728,69.226646
Toshkent shahri,Yangihayot tumani,Sputnik-10,44,41.200836,69.226817
Toshkent shahri,Yangihayot tumani,Sputnik-10,45,41.200897,69.227077
Toshkent shahri,Yangihayot tumani,Sputnik-10,46,41.200992,69.227275
Toshkent shahri,Yangihayot tumani,Sputnik-10,47,41.201067,69.2275
Toshkent shahri,Yangihayot tumani,Sputnik-10,48,41.201128,69.22767
Toshkent shahri,Yangihayot tumani,Sputnik-10,49,41.20123,69.227904
Toshkent shahri,Yangihayot tumani,Sputnik-10,50,41.201311,69.22811
Toshkent shahri,Yangihayot tumani,Sputnik-10,51,41.20142,69.22829
Toshkent shahri,Yangihayot tumani,Sputnik-10,52,41.200463,69.226754
Toshkent shahri,Yangihayot tumani,Sputnik-10,53,41.200585,69.227005
Toshkent shahri,Yangihayot tumani,Sputnik-10,54,41.200694,69.227248
Toshkent shahri,Yangihayot tumani,Sputnik-10,55,41.200762,69.227428
Toshkent shahri,Yangihayot tumani,Sputnik-10,56,41.200863,69.227643
Toshkent shahri,Yangihayot tumani,Sputnik-10,57,41.200992,69.227832
Toshkent shahri,Yangihayot tumani,Sputnik-10,58,41.201026,69.228065
Toshkent shahri,Yangihayot tumani,Sputnik-10,59,41.201087,69.228254
Toshkent shahri,Yangihayot tumani,Sputnik-10,60,41.201189,69.228443
Toshkent shahri,Yangihayot tumani,Sputnik-10,61A,41.2003,69.227383
Toshkent shahri,Yangihayot tumani,Sputnik-10,62,41.200429,69.228389
Toshkent shahri,Yangihayot tumani,Sputnik-10,63,41.200931,69.228982
Toshkent shahri,Yangihayot tumani,Sputnik-10,63A,41.202139,69.230751
Toshkent shahri,Yangihayot tumani,Sputnik-11,1,41.199445,69.227509
Toshkent shahri,Yangihayot tumani,Sputnik-11,2,41.199568,69.227742
Toshkent shahri,Yangihayot tumani,Sputnik-11,3,41.199676,69.227958
Toshkent shahri,Yangihayot tumani,Sputnik-11,4,41.199757,69.228182
Toshkent shahri,Yangihayot tumani,Sputnik-11,5,41.199825,69.228371
Toshkent shahri,Yangihayot tumani,Sputnik-11,6,41.199914,69.228578
Toshkent shahri,Yangihayot tumani,Sputnik-11,7,41.200009,69.228658
Toshkent shahri,Yangihayot tumani,Sputnik-11,8,41.20009,69.229018
Toshkent shahri,Yangihayot tumani,Sputnik-11,9,41.199228,69.227661
Toshkent shahri,Yangihayot tumani,Sputnik-11,10,41.199337,69.227913
Toshkent shahri,Yangihayot tumani,Sputnik-11,11,41.199452,69.228128
Toshkent shahri,Yangihayot tumani,Sputnik-11,12,41.199554,69.228209
Toshkent shahri,Yangihayot tumani,Sputnik-11,13,41.199615,69.228542
Toshkent shahri,Yangihayot tumani,Sputnik-11,14,41.19971,69.228748
Toshkent shahri,Yangihayot tumani,Sputnik-11,15,41.199764,69.228919
Toshkent shahri,Yangihayot tumani,Sputnik-11,16,41.199934,69.229126
Toshkent shahri,Yangihayot tumani,Sputnik-11,17,41.198964,69.227886
Toshkent shahri,Yangihayot tumani,Sputnik-11,18,41.199059,69.228092
Toshkent shahri,Yangihayot tumani,Sputnik-11,19,41.199106,69.228353
Toshkent shahri,Yangihayot tumani,Sputnik-11,20,41.199194,69.22856
Toshkent shahri,Yangihayot tumani,Sputnik-11,21,41.19931,69.228739
Toshkent shahri,Yangihayot tumani,Sputnik-11,22,41.199344,69.228937
Toshkent shahri,Yangihayot tumani,Sputnik-11,22A,41.199378,69.229018
Toshkent shahri,Yangihayot tumani,Sputnik-11,23,41.199479,69.22926
Toshkent shahri,Yangihayot tumani,Sputnik-11,24,41.198719,69.228039
Toshkent shahri,Yangihayot tumani,Sputnik-11,25,41.198828,69.228254
Toshkent shahri,Yangihayot tumani,Sputnik-11,27,41.199004,69.228694
Toshkent shahri,Yangihayot tumani,Sputnik-11,28,41.199093,69.228901
Toshkent shahri,Yangihayot tumani,Sputnik-11,29,41.199181,69.229099
Toshkent shahri,Yangihayot tumani,Sputnik-11,30,41.199289,69.229278
Toshkent shahri,Yangihayot tumani,Sputnik-11,31,41.198407,69.228281
Toshkent shahri,Yangihayot tumani,Sputnik-11,32,41.198509,69.228497
Toshkent shahri,Yangihayot tumani,Sputnik-11,33,41.19857,69.22873
Toshkent shahri,Yangihayot tumani,Sputnik-11,34,41.198658,69.228946
Toshkent shahri,Yangihayot tumani,Sputnik-11,35,41.198747,69.229143
Toshkent shahri,Yangihayot tumani,Sputnik-11,36,41.199032,69.229521
Toshkent shahri,Yangihayot tumani,Sputnik-11,37,41.198224,69.228344
Toshkent shahri,Yangihayot tumani,Sputnik-11,38,41.198299,69.228649
Toshkent shahri,Yangihayot tumani,Sputnik-11,39,41.198387,69.228865
Toshkent shahri,Yangihayot tumani,Sputnik-11,40,41.198462,69.229099
Toshkent shahri,Yangihayot tumani,Sputnik-11,41,41.198557,69.229287
Toshkent shahri,Yangihayot tumani,Sputnik-11,42,41.198726,69.229548
Toshkent shahri,Yangihayot tumani,Sputnik-11,42A,41.198685,69.229548
Toshkent shahri,Yangihayot tumani,Sputnik-11,43,41.197939,69.228587
Toshkent shahri,Yangihayot tumani,Sputnik-11,44,41.198027,69.228865
Toshkent shahri,Yangihayot tumani,Sputnik-11,45,41.198136,69.229036
Toshkent shahri,Yangihayot tumani,Sputnik-11,46,41.198197,69.22926
Toshkent shahri,Yangihayot tumani,Sputnik-11,47,41.198265,69.229503
Toshkent shahri,Yangihayot tumani,Sputnik-11,48,41.197722,69.22882
Toshkent shahri,Yangihayot tumani,Sputnik-11,49,41.19781,69.229027
Toshkent shahri,Yangihayot tumani,Sputnik-11,50,41.197885,69.229251
Toshkent shahri,Yangihayot tumani,Sputnik-11,51,41.19798,69.229449
Toshkent shahri,Yangihayot tumani,Sputnik-11,52,41.198054,69.229665
Toshkent shahri,Yangihayot tumani,Sputnik-11,53,41.200239,69.229269
Toshkent shahri,Yangihayot tumani,Sputnik-11,53-1,41.199893,69.229126
Toshkent shahri,Yangihayot tumani,Sputnik-11,54,41.199622,69.229656
Toshkent shahri,Yangihayot tumani,Sputnik-11,55,41.198903,69.229934
Toshkent shahri,Yangihayot tumani,Sputnik-11,56,41.198421,69.230087
Toshkent shahri,Yangihayot tumani,Sputnik-11,62,41.197071,69.229117
Toshkent shahri,Yangihayot tumani,Sputnik-12,1,41.192009,69.218094
Toshkent shahri,Yangihayot tumani,Sputnik-12,2,41.192212,69.218364
Toshkent shahri,Yangihayot tumani,Sputnik-12,3,41.192307,69.218588
Toshkent shahri,Yangihayot tumani,Sputnik-12,4,41.192375,69.218768
Toshkent shahri,Yangihayot tumani,Sputnik-12,5,41.19247,69.21901
Toshkent shahri,Yangihayot tumani,Sputnik-12,6,41.192545,69.219226
Toshkent shahri,Yangihayot tumani,Sputnik-12,7,41.192647,69.219505
Toshkent shahri,Yangihayot tumani,Sputnik-12,7A,41.192626,69.219442
Toshkent shahri,Yangihayot tumani,Sputnik-12,8,41.192728,69.219639
Toshkent shahri,Yangihayot tumani,Sputnik-12,9,41.192803,69.219855
Toshkent shahri,Yangihayot tumani,Sputnik-12,10,41.192925,69.220259
Toshkent shahri,Yangihayot tumani,Sputnik-12,11,41.193027,69.220475
Toshkent shahri,Yangihayot tumani,Sputnik-12,12,41.193142,69.220663
Toshkent shahri,Yangihayot tumani,Sputnik-12,13,41.193223,69.220852
Toshkent shahri,Yangihayot tumani,Sputnik-12,14,41.193291,69.221059
Toshkent shahri,Yangihayot tumani,Sputnik-12,15,41.193332,69.221265
Toshkent shahri,Yangihayot tumani,Sputnik-12,16,41.193468,69.221472
Toshkent shahri,Yangihayot tumani,Sputnik-12,17,41.193563,69.221696
Toshkent shahri,Yangihayot tumani,Sputnik-12,18,41.193637,69.221948
Toshkent shahri,Yangihayot tumani,Sputnik-12,19,41.19188,69.218283
Toshkent shahri,Yangihayot tumani,Sputnik-12,20,41.192002,69.218534
Toshkent shahri,Yangihayot tumani,Sputnik-12,21,41.192063,69.218759
Toshkent shahri,Yangihayot tumani,Sputnik-12,22,41.192165,69.218948
Toshkent shahri,Yangihayot tumani,Sputnik-12,23,41.19226,69.219154
Toshkent shahri,Yangihayot tumani,Sputnik-12,24,41.192321,69.219379
Toshkent shahri,Yangihayot tumani,Sputnik-12,25,41.192409,69.219603
Toshkent shahri,Yangihayot tumani,Sputnik-12,27,41.192599,69.220017
Toshkent shahri,Yangihayot tumani,Sputnik-12,28,41.192742,69.220403
Toshkent shahri,Yangihayot tumani,Sputnik-12,29,41.19285,69.220475
Toshkent shahri,Yangihayot tumani,Sputnik-12,30,41.192918,69.220798
Toshkent shahri,Yangihayot tumani,Sputnik-12,31,41.192999,69.221014
Toshkent shahri,Yangihayot tumani,Sputnik-12,32,41.19306,69.221202
Toshkent shahri,Yangihayot tumani,Sputnik-12,33,41.193196,69.221436
Toshkent shahri,Yangihayot tumani,Sputnik-12,33A,41.193189,69.221481
Toshkent shahri,Yangihayot tumani,Sputnik-12,34,41.19325,69.221634
Toshkent shahri,Yangihayot tumani,Sputnik-12,35,41.193339,69.221885
Toshkent shahri,Yangihayot tumani,Sputnik-12,36,41.193474,69.222092
Toshkent shahri,Yangihayot tumani,Sputnik-12,37,41.193434,69.222092
Toshkent shahri,Yangihayot tumani,Sputnik-12,38,41.191697,69.218759
Toshkent shahri,Yangihayot tumani,Sputnik-12,39,41.191737,69.219028
Toshkent shahri,Yangihayot tumani,Sputnik-12,40,41.191805,69.219163
Toshkent shahri,Yangihayot tumani,Sputnik-12,41,41.1919,69.219442
Toshkent shahri,Yangihayot tumani,Sputnik-12,42,41.191988,69.219648
Toshkent shahri,Yangihayot tumani,Sputnik-12,43,41.192063,69.219855
Toshkent shahri,Yangihayot tumani,Sputnik-12,44,41.192158,69.220062
Toshkent shahri,Yangihayot tumani,Sputnik-12,45,41.192219,69.220277
Toshkent shahri,Yangihayot tumani,Sputnik-12,46,41.192436,69.220699
Toshkent shahri,Yangihayot tumani,Sputnik-12,46A,41.192395,69.220583
Toshkent shahri,Yangihayot tumani,Sputnik-12,47,41.192538,69.220807
Toshkent shahri,Yangihayot tumani,Sputnik-12,48,41.192619,69.221014
Toshkent shahri,Yangihayot tumani,Sputnik-12,49,41.19266,69.221265
Toshkent shahri,Yangihayot tumani,Sputnik-12,50,41.192755,69.221301
Toshkent shahri,Yangihayot tumani,Sputnik-12,51,41.192877,69.221643
Toshkent shahri,Yangihayot tumani,Sputnik-12,52,41.192965,69.221858
Toshkent shahri,Yangihayot tumani,Sputnik-12,53,41.192986,69.222101
Toshkent shahri,Yangihayot tumani,Sputnik-12,54,41.193149,69.222271
Toshkent shahri,Yangihayot tumani,Sputnik-12,55,41.191357,69.218642
Toshkent shahri,Yangihayot tumani,Sputnik-12,56,41.191466,69.21893
Toshkent shahri,Yangihayot tumani,Sputnik-12,57,41.191554,69.219136
Toshkent shahri,Yangihayot tumani,Sputnik-12,58,41.191642,69.219361
Toshkent shahri,Yangihayot tumani,Sputnik-12,59,41.19171,69.219549
Toshkent shahri,Yangihayot tumani,Sputnik-12,60,41.191812,69.219756
Toshkent shahri,Yangihayot tumani,Sputnik-12,61,41.191893,69.219963
Toshkent shahri,Yangihayot tumani,Sputnik-12,62,41.191995,69.220169
Toshkent shahri,Yangihayot tumani,Sputnik-12,63,41.19207,69.220349
Toshkent shahri,Yangihayot tumani,Sputnik-12,64,41.192253,69.220771
Toshkent shahri,Yangihayot tumani,Sputnik-12,65,41.192307,69.220978
Toshkent shahri,Yangihayot tumani,Sputnik-12,66,41.192429,69.221157
Toshkent shahri,Yangihayot tumani,Sputnik-12,67,41.192484,69.221391
Toshkent shahri,Yangihayot tumani,Sputnik-12,68,41.192572,69.221607
Toshkent shahri,Yangihayot tumani,Sputnik-12,69,41.192714,69.221768
Toshkent shahri,Yangihayot tumani,Sputnik-12,70,41.192714,69.222047
Toshkent shahri,Yangihayot tumani,Sputnik-12,71,41.192796,69.222226
Toshkent shahri,Yangihayot tumani,Sputnik-12,72,41.192972,69.222406
Toshkent shahri,Yangihayot tumani,Sputnik-12,73,41.191052,69.218948
Toshkent shahri,Yangihayot tumani,Sputnik-12,73A,41.19095,69.218948
Toshkent shahri,Yangihayot tumani,Sputnik-12,74,41.191127,69.219199
Toshkent shahri,Yangihayot tumani,Sputnik-12,75,41.191215,69.219388
Toshkent shahri,Yangihayot tumani,Sputnik-12,76,41.191296,69.219576
Toshkent shahri,Yangihayot tumani,Sputnik-12,77,41.191384,69.219792
Toshkent shahri,Yangihayot tumani,Sputnik-12,78,41.191445,69.220026
Toshkent shahri,Yangihayot tumani,Sputnik-12,79,41.191554,69.220205
Toshkent shahri,Yangihayot tumani,Sputnik-12,80,41.191629,69.220448
Toshkent shahri,Yangihayot tumani,Sputnik-12,81,41.19169,69.220654
Toshkent shahri,Yangihayot tumani,Sputnik-12,82,41.191825,69.220996
Toshkent shahri,Yangihayot tumani,Sputnik-12,83,41.192022,69.221077
Toshkent shahri,Yangihayot tumani,Sputnik-12,84,41.192036,69.221436
Toshkent shahri,Yangihayot tumani,Sputnik-12,85,41.192124,69.221652
Toshkent shahri,Yangihayot tumani,Sputnik-12,86,41.192273,69.221813
Toshkent shahri,Yangihayot tumani,Sputnik-12,87,41.192328,69.221984
Toshkent shahri,Yangihayot tumani,Sputnik-12,88,41.192382,69.222262
Toshkent shahri,Yangihayot tumani,Sputnik-12,89,41.192463,69.222496
Toshkent shahri,Yangihayot tumani,Sputnik-12,90,41.192613,69.222658
Toshkent shahri,Yangihayot tumani,Sputnik-12,91,41.190794,69.219064
Toshkent shahri,Yangihayot tumani,Sputnik-12,92,41.190896,69.219334
Toshkent shahri,Yangihayot tumani,Sputnik-12,93,41.190984,69.219532
Toshkent shahri,Yangihayot tumani,Sputnik-12,94,41.191072,69.219783
Toshkent shahri,Yangihayot tumani,Sputnik-12,95,41.191154,69.220008
Toshkent shahri,Yangihayot tumani,Sputnik-12,96,41.191242,69.220187
Toshkent shahri,Yangihayot tumani,Sputnik-12,97,41.19131,69.220331
Toshkent shahri,Yangihayot tumani,Sputnik-12,97A,41.19133,69.220439
Toshkent shahri,Yangihayot tumani,Sputnik-12,98,41.191391,69.220583
Toshkent shahri,Yangihayot tumani,Sputnik-12,99,41.191466,69.220834
Toshkent shahri,Yangihayot tumani,Sputnik-12,99A,41.191513,69.220834
Toshkent shahri,Yangihayot tumani,Sputnik-13,2,41.194078,69.223008
Toshkent shahri,Yangihayot tumani,Sputnik-13,3,41.19416,69.223224
Toshkent shahri,Yangihayot tumani,Sputnik-13,4,41.194262,69.223448
Toshkent shahri,Yangihayot tumani,Sputnik-13,5,41.194316,69.223682
Toshkent shahri,Yangihayot tumani,Sputnik-13,6,41.194452,69.223825
Toshkent shahri,Yangihayot tumani,Sputnik-13,7,41.194506,69.224059
Toshkent shahri,Yangihayot tumani,Sputnik-13,8,41.194594,69.224221
Toshkent shahri,Yangihayot tumani,Sputnik-13,9,41.19378,69.222936
Toshkent shahri,Yangihayot tumani,Sputnik-13,10,41.193882,69.223143
Toshkent shahri,Yangihayot tumani,Sputnik-13,11,41.193956,69.223376
Toshkent shahri,Yangihayot tumani,Sputnik-13,12,41.194058,69.223556
Toshkent shahri,Yangihayot tumani,Sputnik-13,13,41.194133,69.223825
Toshkent shahri,Yangihayot tumani,Sputnik-13,14,41.194228,69.223978
Toshkent shahri,Yangihayot tumani,Sputnik-13,15,41.194316,69.224239
Toshkent shahri,Yangihayot tumani,Sputnik-13,16,41.194418,69.2244
Toshkent shahri,Yangihayot tumani,Sputnik-13,17,41.193434,69.223179
Toshkent shahri,Yangihayot tumani,Sputnik-13,18,41.193529,69.223412
Toshkent shahri,Yangihayot tumani,Sputnik-13,19,41.193685,69.223592
Toshkent shahri,Yangihayot tumani,Sputnik-13,20,41.193698,69.223825
Toshkent shahri,Yangihayot tumani,Sputnik-13,21,41.193793,69.224041
Toshkent shahri,Yangihayot tumani,Sputnik-13,22,41.193875,69.224239
Toshkent shahri,Yangihayot tumani,Sputnik-13,23,41.193943,69.224454
Toshkent shahri,Yangihayot tumani,Sputnik-13,25,41.193217,69.22334
Toshkent shahri,Yangihayot tumani,Sputnik-13,27,41.19344,69.223745
Toshkent shahri,Yangihayot tumani,Sputnik-13,28,41.193522,69.223951
Toshkent shahri,Yangihayot tumani,Sputnik-13,29,41.193617,69.224149
Toshkent shahri,Yangihayot tumani,Sputnik-13,30,41.193705,69.224373
Toshkent shahri,Yangihayot tumani,Sputnik-13,31,41.193787,69.224589
Toshkent shahri,Yangihayot tumani,Sputnik-13,34,41.19304,69.223781
Toshkent shahri,Yangihayot tumani,Sputnik-13,35,41.193162,69.223924
Toshkent shahri,Yangihayot tumani,Sputnik-13,36,41.193223,69.224167
Toshkent shahri,Yangihayot tumani,Sputnik-13,37,41.193339,69.224337
Toshkent shahri,Yangihayot tumani,Sputnik-13,38,41.19342,69.224526
Toshkent shahri,Yangihayot tumani,Sputnik-13,39,41.193495,69.224778
Toshkent shahri,Yangihayot tumani,Sputnik-13,40,41.193624,69.22511
Toshkent shahri,Yangihayot tumani,Sputnik-13,41,41.192667,69.2237
Toshkent shahri,Yangihayot tumani,Sputnik-13,42,41.192803,69.223933
Toshkent shahri,Yangihayot tumani,Sputnik-13,43,41.192904,69.224158
Toshkent shahri,Yangihayot tumani,Sputnik-13,44,41.192972,69.224337
Toshkent shahri,Yangihayot tumani,Sputnik-13,45,41.19306,69.224562
Toshkent shahri,Yangihayot tumani,Sputnik-13,46,41.193155,69.224769
Toshkent shahri,Yangihayot tumani,Sputnik-13,47,41.193237,69.224966
Toshkent shahri,Yangihayot tumani,Sputnik-14,1,41.195055,69.224894
Toshkent shahri,Yangihayot tumani,Sputnik-14,2,41.195042,69.225362
Toshkent shahri,Yangihayot tumani,Sputnik-14,3,41.195157,69.225541
Toshkent shahri,Yangihayot tumani,Sputnik-14,4,41.195218,69.225748
Toshkent shahri,Yangihayot tumani,Sputnik-14,5,41.195361,69.225963
Toshkent shahri,Yangihayot tumani,Sputnik-14,6,41.195415,69.22617
Toshkent shahri,Yangihayot tumani,Sputnik-14,7,41.19551,69.226386
Toshkent shahri,Yangihayot tumani,Sputnik-14,8,41.195619,69.226449
Toshkent shahri,Yangihayot tumani,Sputnik-14,9,41.19568,69.2267
Toshkent shahri,Yangihayot tumani,Sputnik-14,10,41.195815,69.227212
Toshkent shahri,Yangihayot tumani,Sputnik-14,11,41.195937,69.227356
Toshkent shahri,Yangihayot tumani,Sputnik-14,12,41.195958,69.227625
Toshkent shahri,Yangihayot tumani,Sputnik-14,13,41.196053,69.22785
Toshkent shahri,Yangihayot tumani,Sputnik-14,14,41.196134,69.228039
Toshkent shahri,Yangihayot tumani,Sputnik-14,15,41.196236,69.228236
Toshkent shahri,Yangihayot tumani,Sputnik-14,16,41.196324,69.22847
Toshkent shahri,Yangihayot tumani,Sputnik-14,16A,41.196358,69.228398
Toshkent shahri,Yangihayot tumani,Sputnik-14,17,41.196412,69.228658
Toshkent shahri,Yangihayot tumani,Sputnik-14,23,41.194764,69.225308
Toshkent shahri,Yangihayot tumani,Sputnik-14,24,41.194859,69.225478
Toshkent shahri,Yangihayot tumani,Sputnik-14,25,41.194913,69.225748
Toshkent shahri,Yangihayot tumani,Sputnik-14,27,41.195103,69.226116
Toshkent shahri,Yangihayot tumani,Sputnik-14,28,41.195225,69.226332
Toshkent shahri,Yangihayot tumani,Sputnik-14,29,41.195293,69.226538
Toshkent shahri,Yangihayot tumani,Sputnik-14,30,41.195368,69.226763
Toshkent shahri,Yangihayot tumani,Sputnik-14,31,41.195435,69.226979
Toshkent shahri,Yangihayot tumani,Sputnik-14,32,41.195598,69.227347
Toshkent shahri,Yangihayot tumani,Sputnik-14,33,41.195693,69.227553
Toshkent shahri,Yangihayot tumani,Sputnik-14,34,41.195741,69.227742
Toshkent shahri,Yangihayot tumani,Sputnik-14,35,41.195849,69.227985
Toshkent shahri,Yangihayot tumani,Sputnik-14,36,41.195937,69.228182
Toshkent shahri,Yangihayot tumani,Sputnik-14,37,41.196026,69.228398
Toshkent shahri,Yangihayot tumani,Sputnik-14,38,41.196107,69.228622
Toshkent shahri,Yangihayot tumani,Sputnik-14,39,41.196209,69.228829
Toshkent shahri,Yangihayot tumani,Sputnik-14,40,41.196324,69.229036
Toshkent shahri,Yangihayot tumani,Sputnik-14,45,41.194424,69.22555
Toshkent shahri,Yangihayot tumani,Sputnik-14,46,41.194526,69.225721
Toshkent shahri,Yangihayot tumani,Sputnik-14,47,41.194648,69.22591
Toshkent shahri,Yangihayot tumani,Sputnik-14,48,41.194682,69.226125
Toshkent shahri,Yangihayot tumani,Sputnik-14,49,41.194777,69.226368
Toshkent shahri,Yangihayot tumani,Sputnik-14,50,41.194831,69.226592
Toshkent shahri,Yangihayot tumani,Sputnik-14,51,41.194981,69.226754
Toshkent shahri,Yangihayot tumani,Sputnik-14,52,41.195028,69.226997
Toshkent shahri,Yangihayot tumani,Sputnik-14,53,41.195157,69.227194
Toshkent shahri,Yangihayot tumani,Sputnik-14,54,41.195232,69.227544
Toshkent shahri,Yangihayot tumani,Sputnik-14,55,41.195347,69.227814
Toshkent shahri,Yangihayot tumani,Sputnik-14,56,41.195435,69.228003
Toshkent shahri,Yangihayot tumani,Sputnik-14,57,41.195503,69.228209
Toshkent shahri,Yangihayot tumani,Sputnik-14,58,41.195612,69.228443
Toshkent shahri,Yangihayot tumani,Sputnik-14,59,41.19568,69.228676
Toshkent shahri,Yangihayot tumani,Sputnik-14,60,41.195775,69.228838
Toshkent shahri,Yangihayot tumani,Sputnik-14,61,41.195843,69.229072
Toshkent shahri,Yangihayot tumani,Sputnik-14,66,41.194234,69.225685
Toshkent shahri,Yangihayot tumani,Sputnik-14,67,41.194316,69.225892
Toshkent shahri,Yangihayot tumani,Sputnik-14,68,41.194411,69.226071
Toshkent shahri,Yangihayot tumani,Sputnik-14,69,41.194479,69.226296
Toshkent shahri,Yangihayot tumani,Sputnik-14,70,41.19458,69.226502
Toshkent shahri,Yangihayot tumani,Sputnik-14,71,41.194641,69.226682
Toshkent shahri,Yangihayot tumani,Sputnik-14,72,41.19475,69.226934
Toshkent shahri,Yangihayot tumani,Sputnik-14,73,41.194811,69.227095
Toshkent shahri,Yangihayot tumani,Sputnik-14,73A,41.194852,69.227185
Toshkent shahri,Yangihayot tumani,Sputnik-14,74,41.194926,69.227365
Toshkent shahri,Yangihayot tumani,Sputnik-14,75,41.195049,69.227652
Toshkent shahri,Yangihayot tumani,Sputnik-14,76,41.195211,69.227877
Toshkent shahri,Yangihayot tumani,Sputnik-14,76A,41.195171,69.227877
Toshkent shahri,Yangihayot tumani,Sputnik-14,77,41.195245,69.228137
Toshkent shahri,Yangihayot tumani,Sputnik-14,78,41.195334,69.228344
Toshkent shahri,Yangihayot tumani,Sputnik-14,79,41.195422,69.228515
Toshkent shahri,Yangihayot tumani,Sputnik-14,80,41.195503,69.228757
Toshkent shahri,Yangihayot tumani,Sputnik-14,81,41.195591,69.228928
Toshkent shahri,Yangihayot tumani,Sputnik-14,82,41.195686,69.229188
Toshkent shahri,Yangihayot tumani,Sputnik-14,87,41.193922,69.225936
Toshkent shahri,Yangihayot tumani,Sputnik-14,88,41.194031,69.22608
Toshkent shahri,Yangihayot tumani,Sputnik-14,89,41.194072,69.22635
Toshkent shahri,Yangihayot tumani,Sputnik-14,90,41.194146,69.226574
Toshkent shahri,Yangihayot tumani,Sputnik-14,91,41.194221,69.226781
Toshkent shahri,Yangihayot tumani,Sputnik-14,92,41.194316,69.22697
Toshkent shahri,Yangihayot tumani,Sputnik-14,93,41.194397,69.227185
Toshkent shahri,Yangihayot tumani,Sputnik-14,94,41.194479,69.22741
Toshkent shahri,Yangihayot tumani,Sputnik-14,95,41.19458,69.227589
Toshkent shahri,Yangihayot tumani,Sputnik-14,96,41.194709,69.227931
Toshkent shahri,Yangihayot tumani,Sputnik-14,97,41.194818,69.228173
Toshkent shahri,Yangihayot tumani,Sputnik-14,98,41.194906,69.228389
Toshkent shahri,Yangihayot tumani,Sputnik-14,99,41.194974,69.228622
Toshkent shahri,Yangihayot tumani,Sputnik-15,1,41.193624,69.214869
Toshkent shahri,Yangihayot tumani,Sputnik-15,7,41.19361,69.215435
Toshkent shahri,Yangihayot tumani,Sputnik-15,8,41.193705,69.216226
Toshkent shahri,Yangihayot tumani,Sputnik-15,9,41.193393,69.215597
Toshkent shahri,Yangihayot tumani,Sputnik-15,10,41.193101,69.215795
Toshkent shahri,Yangihayot tumani,Sputnik-15,11,41.193312,69.216495
Toshkent shahri,Yangihayot tumani,Sputnik-15,12,41.192891,69.215956
Toshkent shahri,Yangihayot tumani,Sputnik-15,13,41.192687,69.216109
Toshkent shahri,Yangihayot tumani,Sputnik-15,14,41.192904,69.216657
Toshkent shahri,Yangihayot tumani,Sputnik-15,15,41.192694,69.21681
Toshkent shahri,Yangihayot tumani,Sputnik-15,16,41.192477,69.216953
Toshkent shahri,Yangihayot tumani,Sputnik-15,17,41.192043,69.216585
Toshkent shahri,Yangihayot tumani,Sputnik-15,18,41.192253,69.217106
Toshkent shahri,Yangihayot tumani,Sputnik-15,19,41.192192,69.215812
Toshkent shahri,Yangihayot tumani,Sputnik-15,20,41.193963,69.21548
Toshkent shahri,Yangihayot tumani,Sputnik-15,21,41.192972,69.21522
Toshkent shahri,Yangihayot tumani,Sputnik-15,22,41.191866,69.215354
Toshkent shahri,Yangihayot tumani,Sputnik-15,23,41.192599,69.214815
Toshkent shahri,Yangihayot tumani,Sputnik-15,24,41.193366,69.214375
Toshkent shahri,Yangihayot tumani,Sputnik-16,1,41.197159,69.208482
Toshkent shahri,Yangihayot tumani,Sputnik-16,1A,41.198468,69.206766
Toshkent shahri,Yangihayot tumani,Sputnik-16,2,41.197966,69.207817
Toshkent shahri,Yangihayot tumani,Sputnik-16,2A,41.198122,69.207027
Toshkent shahri,Yangihayot tumani,Sputnik-16,3,41.198753,69.20718
Toshkent shahri,Yangihayot tumani,Sputnik-16,3A,41.197661,69.207458
Toshkent shahri,Yangihayot tumani,Sputnik-16,4,41.199235,69.207386
Toshkent shahri,Yangihayot tumani,Sputnik-16,4A,41.197328,69.207728
Toshkent shahri,Yangihayot tumani,Sputnik-16,5,41.198991,69.207871
Toshkent shahri,Yangihayot tumani,Sputnik-16,5A,41.196921,69.208051
Toshkent shahri,Yangihayot tumani,Sputnik-16,6,41.198197,69.208374
Toshkent shahri,Yangihayot tumani,Sputnik-16,6A,41.196623,69.208258
Toshkent shahri,Yangihayot tumani,Sputnik-16,7,41.197512,69.209066
Toshkent shahri,Yangihayot tumani,Sputnik-16,9,41.199927,69.209605
Toshkent shahri,Yangihayot tumani,Sputnik-16,10,41.200226,69.209695
Toshkent shahri,Yangihayot tumani,Sputnik-16,11,41.200327,69.210063
Toshkent shahri,Yangihayot tumani,Sputnik-16,12,41.200524,69.21053
Toshkent shahri,Yangihayot tumani,Sputnik-16,13,41.200694,69.210863
Toshkent shahri,Yangihayot tumani,Sputnik-16,14,41.200565,69.21124
Toshkent shahri,Yangihayot tumani,Sputnik-16,15,41.200137,69.211123
Toshkent shahri,Yangihayot tumani,Sputnik-16,16,41.199744,69.210117
Toshkent shahri,Yangihayot tumani,Sputnik-16,16A,41.197932,69.209713
Toshkent shahri,Yangihayot tumani,Sputnik-16,17,41.198808,69.210737
Toshkent shahri,Yangihayot tumani,Sputnik-16,18,41.198631,69.211276
Toshkent shahri,Yangihayot tumani,Sputnik-16,19,41.198814,69.211725
Toshkent shahri,Yangihayot tumani,Sputnik-16,20,41.199235,69.211761
Toshkent shahri,Yangihayot tumani,Sputnik-16,21,41.199038,69.212345
Toshkent shahri,Yangihayot tumani,Sputnik-16,23,41.198299,69.211492
Toshkent shahri,Yangihayot tumani,Sputnik-16,24,41.198109,69.211177
Toshkent shahri,Yangihayot tumani,Sputnik-16,25,41.198244,69.210746
Toshkent shahri,Yangihayot tumani,Sputnik-16,50,41.198624,69.212246
Toshkent shahri,Yangihayot tumani,Sputnik-16,67A,41.199568,69.21186
Toshkent shahri,Yangihayot tumani,Sputnik-16a,2,41.197356,69.206542
Toshkent shahri,Yangihayot tumani,Sputnik-16a,3,41.197708,69.205742
Toshkent shahri,Yangihayot tumani,Sputnik-16a,4,41.197993,69.206326
Toshkent shahri,Yangihayot tumani,Sputnik-16a,5,41.197159,69.205239
Toshkent shahri,Yangihayot tumani,Sputnik-16a,6,41.198543,69.205895
Toshkent shahri,Yangihayot tumani,Sputnik-16a,7,41.198204,69.204979
Toshkent shahri,Yangihayot tumani,Sputnik-16a,8,41.197647,69.203856
Toshkent shahri,Yangihayot tumani,Sputnik-16a,9,41.197179,69.202661
Toshkent shahri,Yangihayot tumani,Sputnik-16a,10,41.196189,69.202248
Toshkent shahri,Yangihayot tumani,Sputnik-16a,11,41.196263,69.20294
Toshkent shahri,Yangihayot tumani,Sputnik-16a,12,41.195863,69.203308
Toshkent shahri,Yangihayot tumani,Sputnik-16a,13,41.195388,69.202958
Toshkent shahri,Yangihayot tumani,Sputnik-16a,14,41.195456,69.203658
Toshkent shahri,Yangihayot tumani,Sputnik-16a,15,41.196094,69.203757
Toshkent shahri,Yangihayot tumani,Sputnik-16a,16,41.196691,69.203227
Toshkent shahri,Yangihayot tumani,Sputnik-16a,17,41.194784,69.203488
Toshkent shahri,Yangihayot tumani,Sputnik-16a,18,41.194662,69.203613
Toshkent shahri,Yangihayot tumani,Sputnik-16a,19,41.194458,69.203802
Toshkent shahri,Yangihayot tumani,Sputnik-16a,20,41.194513,69.204143
Toshkent shahri,Yangihayot tumani,Sputnik-16a,21,41.194628,69.204341
Toshkent shahri,Yangihayot tumani,Sputnik-16a,26,41.195218,69.204431
Toshkent shahri,Yangihayot tumani,Sputnik-16a,29,41.195809,69.204584
Toshkent shahri,Yangihayot tumani,Sputnik-16a,30,41.196358,69.204323
Toshkent shahri,Yangihayot tumani,Sputnik-16a,31,41.196664,69.204314
Toshkent shahri,Yangihayot tumani,Sputnik-16a,32,41.196562,69.204161
Toshkent shahri,Yangihayot tumani,Sputnik-16a,33,41.196915,69.204727
Toshkent shahri,Yangihayot tumani,Sputnik-16a,34,41.197559,69.205284
Toshkent shahri,Yangihayot tumani,Sputnik-16a,35,41.197362,69.204979
Toshkent shahri,Yangihayot tumani,Sputnik-16a,36,41.197071,69.205284
Toshkent shahri,Yangihayot tumani,Sputnik-16a,37,41.196887,69.205428
Toshkent shahri,Yangihayot tumani,Sputnik-16a,38,41.19703,69.205733
Toshkent shahri,Yangihayot tumani,Sputnik-17,1,41.197722,69.211626
Toshkent shahri,Yangihayot tumani,Sputnik-17,2,41.198014,69.212183
Toshkent shahri,Yangihayot tumani,Sputnik-17,2A/2,41.198394,69.212471
Toshkent shahri,Yangihayot tumani,Sputnik-17,3,41.197349,69.21195
Toshkent shahri,Yangihayot tumani,Sputnik-17,4,41.197675,69.21248
Toshkent shahri,Yangihayot tumani,Sputnik-17,5,41.197043,69.212201
Toshkent shahri,Yangihayot tumani,Sputnik-17,6,41.197417,69.212902
Toshkent shahri,Yangihayot tumani,Sputnik-17,7,41.196772,69.212435
Toshkent shahri,Yangihayot tumani,Sputnik-17,8,41.197077,69.213216
Toshkent shahri,Yangihayot tumani,Sputnik-17,9,41.197186,69.210557
Toshkent shahri,Yangihayot tumani,Sputnik-17,10,41.196311,69.213522
Toshkent shahri,Yangihayot tumani,Sputnik-17,11,41.19591,69.21133
Toshkent shahri,Yangihayot tumani,Sputnik-17,12,41.196501,69.209713
Toshkent shahri,Yangihayot tumani,Sputnik-17,12A,41.196284,69.210432
Toshkent shahri,Yangihayot tumani,Sputnik-18,4,41.196284,69.205545
Toshkent shahri,Yangihayot tumani,Sputnik-18,6,41.196569,69.206156
Toshkent shahri,Yangihayot tumani,Sputnik-18,7,41.196324,69.206632
Toshkent shahri,Yangihayot tumani,Sputnik-18,8,41.196894,69.206713
Toshkent shahri,Yangihayot tumani,Sputnik-18,9,41.196711,69.207332
Toshkent shahri,Yangihayot tumani,Do'stlik-1 ,1,41.193115,69.211447
Toshkent shahri,Yangihayot tumani,Do'stlik-1 ,2,41.192979,69.212129
Toshkent shahri,Yangihayot tumani,Do'stlik-1 ,3,41.19321,69.212623
Toshkent shahri,Yangihayot tumani,Do'stlik-1 ,4,41.19344,69.213207
Toshkent shahri,Yangihayot tumani,Do'stlik-1 ,5,41.193705,69.213692
Toshkent shahri,Yangihayot tumani,Do'stlik-1 ,6,41.192579,69.212498
Toshkent shahri,Yangihayot tumani,Do'stlik-1 ,7,41.193088,69.213728
Toshkent shahri,Yangihayot tumani,Do'stlik-2 ,1,41.191032,69.206955
Toshkent shahri,Yangihayot tumani,Do'stlik-2 ,2,41.191547,69.207602
Toshkent shahri,Yangihayot tumani,Do'stlik-2 ,2A,41.191853,69.208024
Toshkent shahri,Yangihayot tumani,Do'stlik-2 ,3,41.192015,69.208752
Toshkent shahri,Yangihayot tumani,Do'stlik-2 ,3B,41.19211,69.209066
Toshkent shahri,Yangihayot tumani,Do'stlik-2 ,4,41.192626,69.210153
Toshkent shahri,Yangihayot tumani,Do'stlik-2 ,5,41.191812,69.211204
Toshkent shahri,Yangihayot tumani,Do'stlik-2 ,6,41.191914,69.209479
Toshkent shahri,Yangihayot tumani,Do'stlik-2 ,8,41.191099,69.210171
Toshkent shahri,Yangihayot tumani,Do'stlik-2 ,9,41.191303,69.209327
Toshkent shahri,Yangihayot tumani,Do'stlik-2 ,10,41.190801,69.208833
Toshkent shahri,Yangihayot tumani,Do'stlik-2 ,11,41.191473,69.208392
Toshkent shahri,Yangihayot tumani,Do'stlik-2 ,13,41.190733,69.207808
Toshkent shahri,Yangihayot tumani,Do'stlik-2 ,13B,41.190088,69.208168
Toshkent shahri,Yangihayot tumani,Do'stlik-2 ,23,41.192402,69.205545
Toshkent shahri,Yangihayot tumani,Do'stlik-2 ,24,41.192925,69.206093
Toshkent shahri,Yangihayot tumani,Do'stlik-2 ,25,41.193284,69.207027
Toshkent shahri,Yangihayot tumani,Do'stlik-2 ,26,41.192796,69.207261
Toshkent shahri,Yangihayot tumani,Do'stlik-2 ,27A,41.192267,69.207539
Toshkent shahri,Yangihayot tumani,Do'stlik-2 ,29,41.193542,69.207584
Toshkent shahri,Yangihayot tumani,Do'stlik-2 ,30,41.19378,69.208204
Toshkent shahri,Yangihayot tumani,Do'stlik-2 ,31,41.193373,69.208644
Toshkent shahri,Yangihayot tumani,Do'stlik-2 ,32,41.192999,69.209219
Toshkent shahri,Yangihayot tumani,Do'stlik-2 ,34,41.193583,69.21062
Toshkent shahri,Yangihayot tumani,Do'stlik-2 ,35,41.193963,69.210108
Toshkent shahri,Yangihayot tumani,Do'stlik-2 ,52A,41.195388,69.206946
